-- Best ever ranks
INSERT INTO wca_development.best_ever_rank
    (person_id, best_ever_rank, last_modified)
VALUES
    ('2015CAMP17', '[{"event": {"id": "333", "name": "3x3x3 Cube"}, "worlds": [{"wcaId": "2015CAMP17", "single": {"current": {"end": null, "rank": 22599, "start": "2019-06-08", "result": 1325, "competition": "SESCGravatai2019"}, "bestRank": {"end": "2017-06-16", "rank": 13158, "start": "2017-06-16", "result": 1491, "competition": "Brasileiro2017"}}, "average": {"current": {"end": null, "rank": 26224, "start": "2019-06-08", "result": 1675, "competition": "SESCGravatai2019"}, "bestRank": {"end": "2017-06-16", "rank": 13414, "start": "2017-06-16", "result": 1797, "competition": "Brasileiro2017"}}}], "countries": [{"wcaId": "2015CAMP17", "single": {"current": {"end": null, "rank": 389, "start": "2019-06-08", "result": 1325, "competition": "SESCGravatai2019"}, "bestRank": {"end": "2018-05-19", "rank": 281, "start": "2018-05-19", "result": 1347, "competition": "PaodeQueijo2018"}}, "average": {"current": {"end": null, "rank": 448, "start": "2019-06-08", "result": 1675, "competition": "SESCGravatai2019"}, "bestRank": {"end": "2017-06-23", "rank": 300, "start": "2017-06-16", "result": 1797, "competition": "Brasileiro2017"}}, "country": "Brazil", "continent": "South America"}], "continents": [{"wcaId": "2015CAMP17", "single": {"current": {"end": null, "rank": 1774, "start": "2019-06-08", "result": 1325, "competition": "SESCGravatai2019"}, "bestRank": {"end": "2017-06-16", "rank": 1080, "start": "2017-06-16", "result": 1491, "competition": "Brasileiro2017"}}, "average": {"current": {"end": null, "rank": 2044, "start": "2019-06-08", "result": 1675, "competition": "SESCGravatai2019"}, "bestRank": {"end": "2017-06-16", "rank": 1068, "start": "2017-06-16", "result": 1797, "competition": "Brasileiro2017"}}, "continent": "South America"}]}, {"event": {"id": "222", "name": "2x2x2 Cube"}, "worlds": [{"wcaId": "2015CAMP17", "single": {"current": {"end": null, "rank": 19147, "start": "2018-05-19", "result": 375, "competition": "PaodeQueijo2018"}, "bestRank": {"end": "2018-05-20", "rank": 11500, "start": "2018-05-19", "result": 375, "competition": "PaodeQueijo2018"}}, "average": {"current": {"end": null, "rank": 28454, "start": "2018-07-20", "result": 655, "competition": "Brasileiro2018"}, "bestRank": {"end": "2017-11-04", "rank": 15269, "start": "2017-11-04", "result": 672, "competition": "UberlandiaOpen2017"}}}], "countries": [{"wcaId": "2015CAMP17", "single": {"current": {"end": null, "rank": 348, "start": "2018-05-19", "result": 375, "competition": "PaodeQueijo2018"}, "bestRank": {"end": "2018-05-25", "rank": 232, "start": "2018-05-19", "result": 375, "competition": "PaodeQueijo2018"}}, "average": {"current": {"end": null, "rank": 443, "start": "2018-07-20", "result": 655, "competition": "Brasileiro2018"}, "bestRank": {"end": "2017-11-17", "rank": 260, "start": "2017-11-04", "result": 672, "competition": "UberlandiaOpen2017"}}, "country": "Brazil", "continent": "South America"}], "continents": [{"wcaId": "2015CAMP17", "single": {"current": {"end": null, "rank": 1477, "start": "2018-05-19", "result": 375, "competition": "PaodeQueijo2018"}, "bestRank": {"end": "2018-05-25", "rank": 966, "start": "2018-05-19", "result": 375, "competition": "PaodeQueijo2018"}}, "average": {"current": {"end": null, "rank": 2088, "start": "2018-07-20", "result": 655, "competition": "Brasileiro2018"}, "bestRank": {"end": "2017-11-10", "rank": 1163, "start": "2017-11-04", "result": 672, "competition": "UberlandiaOpen2017"}}, "continent": "South America"}]}, {"event": {"id": "444", "name": "4x4x4 Cube"}, "worlds": [{"wcaId": "2015CAMP17", "single": {"current": {"end": null, "rank": 26985, "start": "2019-06-08", "result": 8806, "competition": "SESCGravatai2019"}, "bestRank": {"end": "2017-11-23", "rank": 17349, "start": "2017-11-18", "result": 10365, "competition": "PaodeQueijoOpen2017"}}, "average": {"current": {"end": null, "rank": 23348, "start": "2019-06-08", "result": 9699, "competition": "SESCGravatai2019"}, "bestRank": {"end": "2017-11-23", "rank": 14016, "start": "2017-11-18", "result": 11132, "competition": "PaodeQueijoOpen2017"}}}], "countries": [{"wcaId": "2015CAMP17", "single": {"current": {"end": null, "rank": 433, "start": "2019-06-08", "result": 8806, "competition": "SESCGravatai2019"}, "bestRank": {"end": "2017-11-30", "rank": 368, "start": "2017-11-18", "result": 10365, "competition": "PaodeQueijoOpen2017"}}, "average": {"current": {"end": null, "rank": 397, "start": "2019-06-08", "result": 9699, "competition": "SESCGravatai2019"}, "bestRank": {"end": "2017-11-30", "rank": 323, "start": "2017-11-18", "result": 11132, "competition": "PaodeQueijoOpen2017"}}, "country": "Brazil", "continent": "South America"}], "continents": [{"wcaId": "2015CAMP17", "single": {"current": {"end": null, "rank": 2230, "start": "2019-06-08", "result": 8806, "competition": "SESCGravatai2019"}, "bestRank": {"end": "2017-11-24", "rank": 1543, "start": "2017-11-18", "result": 10365, "competition": "PaodeQueijoOpen2017"}}, "average": {"current": {"end": null, "rank": 1983, "start": "2019-06-08", "result": 9699, "competition": "SESCGravatai2019"}, "bestRank": {"end": "2017-11-24", "rank": 1281, "start": "2017-11-18", "result": 11132, "competition": "PaodeQueijoOpen2017"}}, "continent": "South America"}]}, {"event": {"id": "555", "name": "5x5x5 Cube"}, "worlds": [{"wcaId": "2015CAMP17", "single": {"current": {"end": null, "rank": 16174, "start": "2018-11-24", "result": 17742, "competition": "UberlandiaOpen2018"}, "bestRank": {"end": "2018-11-24", "rank": 11784, "start": "2018-11-24", "result": 17742, "competition": "UberlandiaOpen2018"}}, "average": {"current": {"end": null, "rank": null, "start": "2018-05-05", "result": null, "competition": "SESCGravatai2018"}, "bestRank": {"end": null, "rank": null, "start": null, "result": null, "competition": null}}}], "countries": [{"wcaId": "2015CAMP17", "single": {"current": {"end": null, "rank": 288, "start": "2018-11-24", "result": 17742, "competition": "UberlandiaOpen2018"}, "bestRank": {"end": "2018-11-29", "rank": 238, "start": "2018-11-24", "result": 17742, "competition": "UberlandiaOpen2018"}}, "average": {"current": {"end": null, "rank": null, "start": "2018-05-05", "result": null, "competition": "SESCGravatai2018"}, "bestRank": {"end": null, "rank": null, "start": null, "result": null, "competition": null}}, "country": "Brazil", "continent": "South America"}], "continents": [{"wcaId": "2015CAMP17", "single": {"current": {"end": null, "rank": 1228, "start": "2018-11-24", "result": 17742, "competition": "UberlandiaOpen2018"}, "bestRank": {"end": "2018-11-29", "rank": 943, "start": "2018-11-24", "result": 17742, "competition": "UberlandiaOpen2018"}}, "average": {"current": {"end": null, "rank": null, "start": "2018-05-05", "result": null, "competition": "SESCGravatai2018"}, "bestRank": {"end": null, "rank": null, "start": null, "result": null, "competition": null}}, "continent": "South America"}]}, {"event": {"id": "666", "name": "6x6x6 Cube"}, "worlds": [{"wcaId": "2015CAMP17", "single": {"current": {"end": null, "rank": 7862, "start": "2018-11-24", "result": 46386, "competition": "UberlandiaOpen2018"}, "bestRank": {"end": "2018-11-29", "rank": 5599, "start": "2018-11-24", "result": 46386, "competition": "UberlandiaOpen2018"}}, "average": {"current": {"end": null, "rank": null, "start": "2018-11-24", "result": null, "competition": "UberlandiaOpen2018"}, "bestRank": {"end": null, "rank": null, "start": null, "result": null, "competition": null}}}], "countries": [{"wcaId": "2015CAMP17", "single": {"current": {"end": null, "rank": 137, "start": "2018-11-24", "result": 46386, "competition": "UberlandiaOpen2018"}, "bestRank": {"end": "2018-11-29", "rank": 109, "start": "2018-11-24", "result": 46386, "competition": "UberlandiaOpen2018"}}, "average": {"current": {"end": null, "rank": null, "start": "2018-11-24", "result": null, "competition": "UberlandiaOpen2018"}, "bestRank": {"end": null, "rank": null, "start": null, "result": null, "competition": null}}, "country": "Brazil", "continent": "South America"}], "continents": [{"wcaId": "2015CAMP17", "single": {"current": {"end": null, "rank": 554, "start": "2018-11-24", "result": 46386, "competition": "UberlandiaOpen2018"}, "bestRank": {"end": "2018-11-29", "rank": 421, "start": "2018-11-24", "result": 46386, "competition": "UberlandiaOpen2018"}}, "average": {"current": {"end": null, "rank": null, "start": "2018-11-24", "result": null, "competition": "UberlandiaOpen2018"}, "bestRank": {"end": null, "rank": null, "start": null, "result": null, "competition": null}}, "continent": "South America"}]}, {"event": {"id": "777", "name": "7x7x7 Cube"}, "worlds": [{"wcaId": "2015CAMP17", "single": {"current": {"end": null, "rank": 6533, "start": "2019-07-06", "result": 67200, "competition": "UberlandiaOpen2019"}, "bestRank": {"end": "2019-07-06", "rank": 5499, "start": "2019-07-06", "result": 67200, "competition": "UberlandiaOpen2019"}}, "average": {"current": {"end": null, "rank": null, "start": "2019-07-06", "result": null, "competition": "UberlandiaOpen2019"}, "bestRank": {"end": null, "rank": null, "start": null, "result": null, "competition": null}}}], "countries": [{"wcaId": "2015CAMP17", "single": {"current": {"end": null, "rank": 112, "start": "2019-07-06", "result": 67200, "competition": "UberlandiaOpen2019"}, "bestRank": {"end": "2019-07-19", "rank": 98, "start": "2019-07-06", "result": 67200, "competition": "UberlandiaOpen2019"}}, "average": {"current": {"end": null, "rank": null, "start": "2019-07-06", "result": null, "competition": "UberlandiaOpen2019"}, "bestRank": {"end": null, "rank": null, "start": null, "result": null, "competition": null}}, "country": "Brazil", "continent": "South America"}], "continents": [{"wcaId": "2015CAMP17", "single": {"current": {"end": null, "rank": 434, "start": "2019-07-06", "result": 67200, "competition": "UberlandiaOpen2019"}, "bestRank": {"end": "2019-07-19", "rank": 366, "start": "2019-07-06", "result": 67200, "competition": "UberlandiaOpen2019"}}, "average": {"current": {"end": null, "rank": null, "start": "2019-07-06", "result": null, "competition": "UberlandiaOpen2019"}, "bestRank": {"end": null, "rank": null, "start": null, "result": null, "competition": null}}, "continent": "South America"}]}, {"event": {"id": "333bf", "name": "3x3x3 Blindfolded"}, "worlds": [{"wcaId": "2015CAMP17", "single": {"current": {"end": null, "rank": 416, "start": "2019-11-23", "result": 4585, "competition": "SilentSwapSaoPaulo2019"}, "bestRank": {"end": "2018-05-19", "rank": 248, "start": "2018-05-19", "result": 5006, "competition": "PaodeQueijo2018"}}, "average": {"current": {"end": null, "rank": 356, "start": "2018-05-19", "result": 6367, "competition": "PaodeQueijo2018"}, "bestRank": {"end": "2018-05-19", "rank": 195, "start": "2018-05-19", "result": 6367, "competition": "PaodeQueijo2018"}}}], "countries": [{"wcaId": "2015CAMP17", "single": {"current": {"end": null, "rank": 7, "start": "2019-11-23", "result": 4585, "competition": "SilentSwapSaoPaulo2019"}, "bestRank": {"end": "2018-09-14", "rank": 4, "start": "2018-05-19", "result": 5006, "competition": "PaodeQueijo2018"}}, "average": {"current": {"end": null, "rank": 6, "start": "2018-05-19", "result": 6367, "competition": "PaodeQueijo2018"}, "bestRank": {"end": "2019-06-07", "rank": 4, "start": "2018-05-19", "result": 6367, "competition": "PaodeQueijo2018"}}, "country": "Brazil", "continent": "South America"}], "continents": [{"wcaId": "2015CAMP17", "single": {"current": {"end": null, "rank": 20, "start": "2019-11-23", "result": 4585, "competition": "SilentSwapSaoPaulo2019"}, "bestRank": {"end": "2018-05-25", "rank": 16, "start": "2018-05-19", "result": 5006, "competition": "PaodeQueijo2018"}}, "average": {"current": {"end": null, "rank": 21, "start": "2018-05-19", "result": 6367, "competition": "PaodeQueijo2018"}, "bestRank": {"end": "2018-10-12", "rank": 18, "start": "2018-05-19", "result": 6367, "competition": "PaodeQueijo2018"}}, "continent": "South America"}]}, {"event": {"id": "333fm", "name": "3x3x3 Fewest Moves"}, "worlds": [{"wcaId": "2015CAMP17", "single": {"current": {"end": null, "rank": 58, "start": "2018-05-19", "result": 22, "competition": "PaodeQueijo2018"}, "bestRank": {"end": "2018-06-01", "rank": 20, "start": "2018-05-19", "result": 22, "competition": "PaodeQueijo2018"}}, "average": {"current": {"end": null, "rank": 51, "start": "2018-05-19", "result": 2567, "competition": "PaodeQueijo2018"}, "bestRank": {"end": "2018-06-01", "rank": 12, "start": "2018-05-19", "result": 2567, "competition": "PaodeQueijo2018"}}}], "countries": [{"wcaId": "2015CAMP17", "single": {"current": {"end": null, "rank": 0, "start": "2018-05-19", "result": 22, "competition": "PaodeQueijo2018"}, "bestRank": {"end": null, "rank": 0, "start": "2018-05-19", "result": 22, "competition": "PaodeQueijo2018"}}, "average": {"current": {"end": null, "rank": 1, "start": "2018-05-19", "result": 2567, "competition": "PaodeQueijo2018"}, "bestRank": {"end": null, "rank": 1, "start": "2017-10-07", "result": 2900, "competition": "SilentSwapOpen2017"}}, "country": "Brazil", "continent": "South America"}], "continents": [{"wcaId": "2015CAMP17", "single": {"current": {"end": null, "rank": 0, "start": "2018-05-19", "result": 22, "competition": "PaodeQueijo2018"}, "bestRank": {"end": null, "rank": 0, "start": "2018-05-19", "result": 22, "competition": "PaodeQueijo2018"}}, "average": {"current": {"end": null, "rank": 2, "start": "2018-05-19", "result": 2567, "competition": "PaodeQueijo2018"}, "bestRank": {"end": "2019-11-16", "rank": 1, "start": "2017-10-07", "result": 2900, "competition": "SilentSwapOpen2017"}}, "continent": "South America"}]}, {"event": {"id": "333oh", "name": "3x3x3 One-Handed"}, "worlds": [{"wcaId": "2015CAMP17", "single": {"current": {"end": null, "rank": 18101, "start": "2018-11-24", "result": 3012, "competition": "UberlandiaOpen2018"}, "bestRank": {"end": "2017-06-16", "rank": 10483, "start": "2017-06-16", "result": 3426, "competition": "Brasileiro2017"}}, "average": {"current": {"end": null, "rank": 19119, "start": "2018-05-05", "result": 3871, "competition": "SESCGravatai2018"}, "bestRank": {"end": "2017-06-16", "rank": 9028, "start": "2017-06-16", "result": 3878, "competition": "Brasileiro2017"}}}], "countries": [{"wcaId": "2015CAMP17", "single": {"current": {"end": null, "rank": 357, "start": "2018-11-24", "result": 3012, "competition": "UberlandiaOpen2018"}, "bestRank": {"end": "2018-05-18", "rank": 258, "start": "2018-05-05", "result": 3069, "competition": "SESCGravatai2018"}}, "average": {"current": {"end": null, "rank": 378, "start": "2018-05-05", "result": 3871, "competition": "SESCGravatai2018"}, "bestRank": {"end": "2017-07-07", "rank": 215, "start": "2017-06-16", "result": 3878, "competition": "Brasileiro2017"}}, "country": "Brazil", "continent": "South America"}], "continents": [{"wcaId": "2015CAMP17", "single": {"current": {"end": null, "rank": 1487, "start": "2018-11-24", "result": 3012, "competition": "UberlandiaOpen2018"}, "bestRank": {"end": "2017-06-16", "rank": 863, "start": "2017-06-16", "result": 3426, "competition": "Brasileiro2017"}}, "average": {"current": {"end": null, "rank": 1586, "start": "2018-05-05", "result": 3871, "competition": "SESCGravatai2018"}, "bestRank": {"end": "2017-06-16", "rank": 727, "start": "2017-06-16", "result": 3878, "competition": "Brasileiro2017"}}, "continent": "South America"}]}, {"event": {"id": "clock", "name": "Clock"}, "worlds": [{"wcaId": "2015CAMP17", "single": {"current": {"end": null, "rank": 7672, "start": "2018-08-25", "result": 4598, "competition": "BrasiliaWinter2018"}, "bestRank": {"end": "2017-09-30", "rank": 3811, "start": "2017-09-30", "result": 5646, "competition": "Paraguay2017"}}, "average": {"current": {"end": null, "rank": 6138, "start": "2018-08-25", "result": 6347, "competition": "BrasiliaWinter2018"}, "bestRank": {"end": "2018-08-30", "rank": 3940, "start": "2018-08-25", "result": 6347, "competition": "BrasiliaWinter2018"}}}], "countries": [{"wcaId": "2015CAMP17", "single": {"current": {"end": null, "rank": 147, "start": "2018-08-25", "result": 4598, "competition": "BrasiliaWinter2018"}, "bestRank": {"end": "2017-10-26", "rank": 70, "start": "2017-09-30", "result": 5646, "competition": "Paraguay2017"}}, "average": {"current": {"end": null, "rank": 135, "start": "2018-08-25", "result": 6347, "competition": "BrasiliaWinter2018"}, "bestRank": {"end": "2018-09-14", "rank": 86, "start": "2018-08-25", "result": 6347, "competition": "BrasiliaWinter2018"}}, "country": "Brazil", "continent": "South America"}], "continents": [{"wcaId": "2015CAMP17", "single": {"current": {"end": null, "rank": 427, "start": "2018-08-25", "result": 4598, "competition": "BrasiliaWinter2018"}, "bestRank": {"end": "2017-10-26", "rank": 245, "start": "2017-09-30", "result": 5646, "competition": "Paraguay2017"}}, "average": {"current": {"end": null, "rank": 385, "start": "2018-08-25", "result": 6347, "competition": "BrasiliaWinter2018"}, "bestRank": {"end": "2018-09-14", "rank": 286, "start": "2018-08-25", "result": 6347, "competition": "BrasiliaWinter2018"}}, "continent": "South America"}]}, {"event": {"id": "minx", "name": "Megaminx"}, "worlds": [{"wcaId": "2015CAMP17", "single": {"current": {"end": null, "rank": 14865, "start": "2018-08-25", "result": 29321, "competition": "BrasiliaWinter2018"}, "bestRank": {"end": "2018-08-30", "rank": 9848, "start": "2018-08-25", "result": 29321, "competition": "BrasiliaWinter2018"}}, "average": {"current": {"end": null, "rank": null, "start": "2018-08-25", "result": null, "competition": "BrasiliaWinter2018"}, "bestRank": {"end": null, "rank": null, "start": null, "result": null, "competition": null}}}], "countries": [{"wcaId": "2015CAMP17", "single": {"current": {"end": null, "rank": 446, "start": "2018-08-25", "result": 29321, "competition": "BrasiliaWinter2018"}, "bestRank": {"end": "2018-08-31", "rank": 326, "start": "2018-08-25", "result": 29321, "competition": "BrasiliaWinter2018"}}, "average": {"current": {"end": null, "rank": null, "start": "2018-08-25", "result": null, "competition": "BrasiliaWinter2018"}, "bestRank": {"end": null, "rank": null, "start": null, "result": null, "competition": null}}, "country": "Brazil", "continent": "South America"}], "continents": [{"wcaId": "2015CAMP17", "single": {"current": {"end": null, "rank": 1394, "start": "2018-08-25", "result": 29321, "competition": "BrasiliaWinter2018"}, "bestRank": {"end": "2018-08-30", "rank": 1032, "start": "2018-08-25", "result": 29321, "competition": "BrasiliaWinter2018"}}, "average": {"current": {"end": null, "rank": null, "start": "2018-08-25", "result": null, "competition": "BrasiliaWinter2018"}, "bestRank": {"end": null, "rank": null, "start": null, "result": null, "competition": null}}, "continent": "South America"}]}, {"event": {"id": "pyram", "name": "Pyraminx"}, "worlds": [{"wcaId": "2015CAMP17", "single": {"current": {"end": null, "rank": 38725, "start": "2018-08-25", "result": 1161, "competition": "BrasiliaWinter2018"}, "bestRank": {"end": "2016-08-27", "rank": 16140, "start": "2016-08-27", "result": 1705, "competition": "PaodeQueijoOpen2016"}}, "average": {"current": {"end": null, "rank": 34585, "start": "2018-08-25", "result": 1523, "competition": "BrasiliaWinter2018"}, "bestRank": {"end": "2016-08-27", "rank": 14021, "start": "2016-08-27", "result": 2051, "competition": "PaodeQueijoOpen2016"}}}], "countries": [{"wcaId": "2015CAMP17", "single": {"current": {"end": null, "rank": 672, "start": "2018-08-25", "result": 1161, "competition": "BrasiliaWinter2018"}, "bestRank": {"end": "2016-09-02", "rank": 422, "start": "2016-08-27", "result": 1705, "competition": "PaodeQueijoOpen2016"}}, "average": {"current": {"end": null, "rank": 566, "start": "2018-08-25", "result": 1523, "competition": "BrasiliaWinter2018"}, "bestRank": {"end": "2016-09-02", "rank": 351, "start": "2016-08-27", "result": 2051, "competition": "PaodeQueijoOpen2016"}}, "country": "Brazil", "continent": "South America"}], "continents": [{"wcaId": "2015CAMP17", "single": {"current": {"end": null, "rank": 2682, "start": "2018-08-25", "result": 1161, "competition": "BrasiliaWinter2018"}, "bestRank": {"end": "2016-08-27", "rank": 1258, "start": "2016-08-27", "result": 1705, "competition": "PaodeQueijoOpen2016"}}, "average": {"current": {"end": null, "rank": 2361, "start": "2018-08-25", "result": 1523, "competition": "BrasiliaWinter2018"}, "bestRank": {"end": "2016-08-27", "rank": 1074, "start": "2016-08-27", "result": 2051, "competition": "PaodeQueijoOpen2016"}}, "continent": "South America"}]}, {"event": {"id": "skewb", "name": "Skewb"}, "worlds": [{"wcaId": "2015CAMP17", "single": {"current": {"end": null, "rank": 18340, "start": "2017-02-11", "result": 992, "competition": "LorenaOpen2017"}, "bestRank": {"end": "2017-02-15", "rank": 4901, "start": "2017-02-11", "result": 992, "competition": "LorenaOpen2017"}}, "average": {"current": {"end": null, "rank": 28098, "start": "2017-02-11", "result": 2482, "competition": "LorenaOpen2017"}, "bestRank": {"end": "2017-02-11", "rank": 7863, "start": "2017-02-11", "result": 2482, "competition": "LorenaOpen2017"}}}], "countries": [{"wcaId": "2015CAMP17", "single": {"current": {"end": null, "rank": 239, "start": "2017-02-11", "result": 992, "competition": "LorenaOpen2017"}, "bestRank": {"end": "2017-03-17", "rank": 85, "start": "2017-02-11", "result": 992, "competition": "LorenaOpen2017"}}, "average": {"current": {"end": null, "rank": 397, "start": "2017-02-11", "result": 2482, "competition": "LorenaOpen2017"}, "bestRank": {"end": "2017-03-17", "rank": 126, "start": "2017-02-11", "result": 2482, "competition": "LorenaOpen2017"}}, "country": "Brazil", "continent": "South America"}], "continents": [{"wcaId": "2015CAMP17", "single": {"current": {"end": null, "rank": 1121, "start": "2017-02-11", "result": 992, "competition": "LorenaOpen2017"}, "bestRank": {"end": "2017-02-17", "rank": 389, "start": "2017-02-11", "result": 992, "competition": "LorenaOpen2017"}}, "average": {"current": {"end": null, "rank": 1569, "start": "2017-02-11", "result": 2482, "competition": "LorenaOpen2017"}, "bestRank": {"end": "2017-02-17", "rank": 545, "start": "2017-02-11", "result": 2482, "competition": "LorenaOpen2017"}}, "continent": "South America"}]}, {"event": {"id": "sq1", "name": "Square-1"}, "worlds": [{"wcaId": "2015CAMP17", "single": {"current": {"end": null, "rank": 11276, "start": "2018-08-25", "result": 8455, "competition": "BrasiliaWinter2018"}, "bestRank": {"end": "2018-05-05", "rank": 7070, "start": "2018-05-05", "result": 12011, "competition": "SESCGravatai2018"}}, "average": {"current": {"end": null, "rank": 8935, "start": "2018-08-25", "result": 12232, "competition": "BrasiliaWinter2018"}, "bestRank": {"end": "2018-08-30", "rank": 5933, "start": "2018-08-25", "result": 12232, "competition": "BrasiliaWinter2018"}}}], "countries": [{"wcaId": "2015CAMP17", "single": {"current": {"end": null, "rank": 283, "start": "2018-08-25", "result": 8455, "competition": "BrasiliaWinter2018"}, "bestRank": {"end": "2018-08-31", "rank": 207, "start": "2018-08-25", "result": 8455, "competition": "BrasiliaWinter2018"}}, "average": {"current": {"end": null, "rank": 259, "start": "2018-08-25", "result": 12232, "competition": "BrasiliaWinter2018"}, "bestRank": {"end": "2018-08-31", "rank": 192, "start": "2018-08-25", "result": 12232, "competition": "BrasiliaWinter2018"}}, "country": "Brazil", "continent": "South America"}], "continents": [{"wcaId": "2015CAMP17", "single": {"current": {"end": null, "rank": 805, "start": "2018-08-25", "result": 8455, "competition": "BrasiliaWinter2018"}, "bestRank": {"end": "2018-05-18", "rank": 607, "start": "2018-05-05", "result": 12011, "competition": "SESCGravatai2018"}}, "average": {"current": {"end": null, "rank": 673, "start": "2018-08-25", "result": 12232, "competition": "BrasiliaWinter2018"}, "bestRank": {"end": "2018-08-30", "rank": 525, "start": "2018-08-25", "result": 12232, "competition": "BrasiliaWinter2018"}}, "continent": "South America"}]}, {"event": {"id": "444bf", "name": "4x4x4 Blindfolded"}, "worlds": [{"wcaId": "2015CAMP17", "single": {"current": {"end": null, "rank": 861, "start": "2019-11-29", "result": 106100, "competition": "CampeonatoBrasileiro2019"}, "bestRank": {"end": "2018-03-02", "rank": 562, "start": "2018-02-24", "result": 138400, "competition": "UberlandiaSpecials2018"}}, "average": {"current": {"end": null, "rank": null, "start": "2018-02-24", "result": null, "competition": "UberlandiaSpecials2018"}, "bestRank": {"end": null, "rank": null, "start": null, "result": null, "competition": null}}}], "countries": [{"wcaId": "2015CAMP17", "single": {"current": {"end": null, "rank": 18, "start": "2019-11-29", "result": 106100, "competition": "CampeonatoBrasileiro2019"}, "bestRank": {"end": "2018-08-17", "rank": 8, "start": "2018-05-05", "result": 119600, "competition": "SESCGravatai2018"}}, "average": {"current": {"end": null, "rank": null, "start": "2018-02-24", "result": null, "competition": "UberlandiaSpecials2018"}, "bestRank": {"end": null, "rank": null, "start": null, "result": null, "competition": null}}, "country": "Brazil", "continent": "South America"}], "continents": [{"wcaId": "2015CAMP17", "single": {"current": {"end": null, "rank": 41, "start": "2019-11-29", "result": 106100, "competition": "CampeonatoBrasileiro2019"}, "bestRank": {"end": "2018-03-09", "rank": 21, "start": "2018-02-24", "result": 138400, "competition": "UberlandiaSpecials2018"}}, "average": {"current": {"end": null, "rank": null, "start": "2018-02-24", "result": null, "competition": "UberlandiaSpecials2018"}, "bestRank": {"end": null, "rank": null, "start": null, "result": null, "competition": null}}, "continent": "South America"}]}, {"event": {"id": "555bf", "name": "5x5x5 Blindfolded"}, "worlds": [{"wcaId": "2015CAMP17", "single": {"current": {"end": null, "rank": 492, "start": "2017-06-16", "result": 246000, "competition": "Brasileiro2017"}, "bestRank": {"end": "2017-06-16", "rank": 236, "start": "2017-06-16", "result": 246000, "competition": "Brasileiro2017"}}, "average": {"current": {"end": null, "rank": null, "start": "2017-06-16", "result": null, "competition": "Brasileiro2017"}, "bestRank": {"end": null, "rank": null, "start": null, "result": null, "competition": null}}}], "countries": [{"wcaId": "2015CAMP17", "single": {"current": {"end": null, "rank": 6, "start": "2017-06-16", "result": 246000, "competition": "Brasileiro2017"}, "bestRank": {"end": "2019-06-15", "rank": 3, "start": "2017-06-16", "result": 246000, "competition": "Brasileiro2017"}}, "average": {"current": {"end": null, "rank": null, "start": "2017-06-16", "result": null, "competition": "Brasileiro2017"}, "bestRank": {"end": null, "rank": null, "start": null, "result": null, "competition": null}}, "country": "Brazil", "continent": "South America"}], "continents": [{"wcaId": "2015CAMP17", "single": {"current": {"end": null, "rank": 18, "start": "2017-06-16", "result": 246000, "competition": "Brasileiro2017"}, "bestRank": {"end": "2017-08-18", "rank": 8, "start": "2017-06-16", "result": 246000, "competition": "Brasileiro2017"}}, "average": {"current": {"end": null, "rank": null, "start": "2017-06-16", "result": null, "competition": "Brasileiro2017"}, "bestRank": {"end": null, "rank": null, "start": null, "result": null, "competition": null}}, "continent": "South America"}]}, {"event": {"id": "333mbf", "name": "3x3x3 Multi-Blind"}, "worlds": [{"wcaId": "2015CAMP17", "single": {"current": {"end": null, "rank": 213, "start": "2018-09-15", "result": 860352600, "competition": "MineirimOpenSpring2018"}, "bestRank": {"end": "2018-09-21", "rank": 132, "start": "2018-09-15", "result": 860352600, "competition": "MineirimOpenSpring2018"}}, "average": {"current": {"end": null, "rank": null, "start": "2017-06-16", "result": null, "competition": "Brasileiro2017"}, "bestRank": {"end": null, "rank": null, "start": null, "result": null, "competition": null}}}], "countries": [{"wcaId": "2015CAMP17", "single": {"current": {"end": null, "rank": 5, "start": "2018-09-15", "result": 860352600, "competition": "MineirimOpenSpring2018"}, "bestRank": {"end": "2019-08-16", "rank": 2, "start": "2018-09-15", "result": 860352600, "competition": "MineirimOpenSpring2018"}}, "average": {"current": {"end": null, "rank": null, "start": "2017-06-16", "result": null, "competition": "Brasileiro2017"}, "bestRank": {"end": null, "rank": null, "start": null, "result": null, "competition": null}}, "country": "Brazil", "continent": "South America"}], "continents": [{"wcaId": "2015CAMP17", "single": {"current": {"end": null, "rank": 11, "start": "2018-09-15", "result": 860352600, "competition": "MineirimOpenSpring2018"}, "bestRank": {"end": "2019-05-02", "rank": 7, "start": "2018-09-15", "result": 860352600, "competition": "MineirimOpenSpring2018"}}, "average": {"current": {"end": null, "rank": null, "start": "2017-06-16", "result": null, "competition": "Brasileiro2017"}, "bestRank": {"end": null, "rank": null, "start": null, "result": null, "competition": null}}, "continent": "South America"}]}, {"event": {"id": "333ft", "name": "3x3x3 With Feet"}, "worlds": [{"wcaId": "2015CAMP17", "single": {"current": {"end": null, "rank": 2815, "start": "2018-08-25", "result": 24798, "competition": "BrasiliaWinter2018"}, "bestRank": {"end": "2018-08-31", "rank": 1980, "start": "2018-08-25", "result": 24798, "competition": "BrasiliaWinter2018"}}, "average": {"current": {"end": null, "rank": null, "start": "2018-08-25", "result": null, "competition": "BrasiliaWinter2018"}, "bestRank": {"end": null, "rank": null, "start": null, "result": null, "competition": null}}}], "countries": [{"wcaId": "2015CAMP17", "single": {"current": {"end": null, "rank": 115, "start": "2018-08-25", "result": 24798, "competition": "BrasiliaWinter2018"}, "bestRank": {"end": "2018-08-31", "rank": 78, "start": "2018-08-25", "result": 24798, "competition": "BrasiliaWinter2018"}}, "average": {"current": {"end": null, "rank": null, "start": "2018-08-25", "result": null, "competition": "BrasiliaWinter2018"}, "bestRank": {"end": null, "rank": null, "start": null, "result": null, "competition": null}}, "country": "Brazil", "continent": "South America"}], "continents": [{"wcaId": "2015CAMP17", "single": {"current": {"end": null, "rank": 225, "start": "2018-08-25", "result": 24798, "competition": "BrasiliaWinter2018"}, "bestRank": {"end": "2018-08-31", "rank": 152, "start": "2018-08-25", "result": 24798, "competition": "BrasiliaWinter2018"}}, "average": {"current": {"end": null, "rank": null, "start": "2018-08-25", "result": null, "competition": "BrasiliaWinter2018"}, "bestRank": {"end": null, "rank": null, "start": null, "result": null, "competition": null}}, "continent": "South America"}]}]', '2022-01-18 07:12:52'),
    ('2005FLEI01', '[{"event": {"id": "333", "name": "3x3x3 Cube"}, "worlds": [{"wcaId": "2005FLEI01", "single": {"current": {"end": null, "rank": 1032, "start": "2017-05-20", "result": 716, "competition": "BayAreaSpeedcubin102017"}, "bestRank": {"end": "2008-07-26", "rank": 67, "start": "2008-07-19", "result": 1190, "competition": "USOpen2008"}}, "average": {"current": {"end": null, "rank": 1436, "start": "2019-09-21", "result": 939, "competition": "BerkeleySummer2019"}, "bestRank": {"end": "2009-04-17", "rank": 77, "start": "2009-04-11", "result": 1379, "competition": "UtahOpen2009"}}}], "countries": [{"wcaId": "2005FLEI01", "single": {"current": {"end": null, "rank": 255, "start": "2017-05-20", "result": 716, "competition": "BayAreaSpeedcubin102017"}, "bestRank": {"end": "2008-11-21", "rank": 19, "start": "2008-07-19", "result": 1190, "competition": "USOpen2008"}}, "average": {"current": {"end": null, "rank": 335, "start": "2019-09-21", "result": 939, "competition": "BerkeleySummer2019"}, "bestRank": {"end": "2009-04-24", "rank": 16, "start": "2009-04-11", "result": 1379, "competition": "UtahOpen2009"}}, "country": "United States", "continent": "North America"}], "continents": [{"wcaId": "2005FLEI01", "single": {"current": {"end": null, "rank": 311, "start": "2017-05-20", "result": 716, "competition": "BayAreaSpeedcubin102017"}, "bestRank": {"end": "2008-10-31", "rank": 24, "start": "2008-07-19", "result": 1190, "competition": "USOpen2008"}}, "average": {"current": {"end": null, "rank": 422, "start": "2019-09-21", "result": 939, "competition": "BerkeleySummer2019"}, "bestRank": {"end": "2009-04-24", "rank": 19, "start": "2009-04-11", "result": 1379, "competition": "UtahOpen2009"}}, "continent": "North America"}]}, {"event": {"id": "222", "name": "2x2x2 Cube"}, "worlds": [{"wcaId": "2005FLEI01", "single": {"current": {"end": null, "rank": 3826, "start": "2011-02-12", "result": 215, "competition": "BerkeleyWinter2011"}, "bestRank": {"end": "2009-11-27", "rank": 48, "start": "2009-11-21", "result": 240, "competition": "StanfordFall2009"}}, "average": {"current": {"end": null, "rank": 6586, "start": "2016-04-09", "result": 424, "competition": "AtomicCubing2016"}, "bestRank": {"end": "2006-07-22", "rank": 63, "start": "2006-05-27", "result": 1225, "competition": "SanDiego2006"}}}], "countries": [{"wcaId": "2005FLEI01", "single": {"current": {"end": null, "rank": 751, "start": "2011-02-12", "result": 215, "competition": "BerkeleyWinter2011"}, "bestRank": {"end": "2009-12-11", "rank": 14, "start": "2009-11-21", "result": 240, "competition": "StanfordFall2009"}}, "average": {"current": {"end": null, "rank": 1308, "start": "2016-04-09", "result": 424, "competition": "AtomicCubing2016"}, "bestRank": {"end": "2006-08-03", "rank": 17, "start": "2006-05-27", "result": 1225, "competition": "SanDiego2006"}}, "country": "United States", "continent": "North America"}], "continents": [{"wcaId": "2005FLEI01", "single": {"current": {"end": null, "rank": 1016, "start": "2011-02-12", "result": 215, "competition": "BerkeleyWinter2011"}, "bestRank": {"end": "2009-12-11", "rank": 21, "start": "2009-11-21", "result": 240, "competition": "StanfordFall2009"}}, "average": {"current": {"end": null, "rank": 1805, "start": "2016-04-09", "result": 424, "competition": "AtomicCubing2016"}, "bestRank": {"end": "2006-08-03", "rank": 18, "start": "2006-05-27", "result": 1225, "competition": "SanDiego2006"}}, "continent": "North America"}]}, {"event": {"id": "444", "name": "4x4x4 Cube"}, "worlds": [{"wcaId": "2005FLEI01", "single": {"current": {"end": null, "rank": 5270, "start": "2014-03-16", "result": 4280, "competition": "BerkeleyMindSports2014"}, "bestRank": {"end": "2006-07-22", "rank": 126, "start": "2006-05-27", "result": 13445, "competition": "SanDiego2006"}}, "average": {"current": {"end": null, "rank": 3838, "start": "2014-03-16", "result": 4599, "competition": "BerkeleyMindSports2014"}, "bestRank": {"end": "2006-07-22", "rank": 128, "start": "2006-05-27", "result": 18171, "competition": "SanDiego2006"}}}], "countries": [{"wcaId": "2005FLEI01", "single": {"current": {"end": null, "rank": 827, "start": "2014-03-16", "result": 4280, "competition": "BerkeleyMindSports2014"}, "bestRank": {"end": "2010-04-30", "rank": 34, "start": "2010-04-25", "result": 5638, "competition": "BerkeleySpring2010"}}, "average": {"current": {"end": null, "rank": 618, "start": "2014-03-16", "result": 4599, "competition": "BerkeleyMindSports2014"}, "bestRank": {"end": "2014-03-28", "rank": 39, "start": "2014-03-16", "result": 4599, "competition": "BerkeleyMindSports2014"}}, "country": "United States", "continent": "North America"}], "continents": [{"wcaId": "2005FLEI01", "single": {"current": {"end": null, "rank": 1158, "start": "2014-03-16", "result": 4280, "competition": "BerkeleyMindSports2014"}, "bestRank": {"end": "2010-04-30", "rank": 43, "start": "2010-04-25", "result": 5638, "competition": "BerkeleySpring2010"}}, "average": {"current": {"end": null, "rank": 848, "start": "2014-03-16", "result": 4599, "competition": "BerkeleyMindSports2014"}, "bestRank": {"end": "2014-03-28", "rank": 49, "start": "2014-03-16", "result": 4599, "competition": "BerkeleyMindSports2014"}}, "continent": "North America"}]}, {"event": {"id": "555", "name": "5x5x5 Cube"}, "worlds": [{"wcaId": "2005FLEI01", "single": {"current": {"end": null, "rank": 5341, "start": "2017-11-18", "result": 9402, "competition": "BerkeleyFall2017"}, "bestRank": {"end": "2016-01-07", "rank": 1125, "start": "2016-01-03", "result": 9581, "competition": "BASC82016"}}, "average": {"current": {"end": null, "rank": 6256, "start": "2017-07-01", "result": 10948, "competition": "LatinAmericaCubingTourGuatem2017"}, "bestRank": {"end": "2016-01-07", "rank": 1319, "start": "2016-01-03", "result": 10978, "competition": "BASC82016"}}}], "countries": [{"wcaId": "2005FLEI01", "single": {"current": {"end": null, "rank": 881, "start": "2017-11-18", "result": 9402, "competition": "BerkeleyFall2017"}, "bestRank": {"end": "2016-01-08", "rank": 154, "start": "2016-01-03", "result": 9581, "competition": "BASC82016"}}, "average": {"current": {"end": null, "rank": 1037, "start": "2017-07-01", "result": 10948, "competition": "LatinAmericaCubingTourGuatem2017"}, "bestRank": {"end": "2016-01-08", "rank": 182, "start": "2016-01-03", "result": 10978, "competition": "BASC82016"}}, "country": "United States", "continent": "North America"}], "continents": [{"wcaId": "2005FLEI01", "single": {"current": {"end": null, "rank": 1239, "start": "2017-11-18", "result": 9402, "competition": "BerkeleyFall2017"}, "bestRank": {"end": "2016-01-08", "rank": 202, "start": "2016-01-03", "result": 9581, "competition": "BASC82016"}}, "average": {"current": {"end": null, "rank": 1448, "start": "2017-07-01", "result": 10948, "competition": "LatinAmericaCubingTourGuatem2017"}, "bestRank": {"end": "2016-01-08", "rank": 235, "start": "2016-01-03", "result": 10978, "competition": "BASC82016"}}, "continent": "North America"}]}, {"event": {"id": "777", "name": "7x7x7 Cube"}, "worlds": [{"wcaId": "2005FLEI01", "single": {"current": {"end": null, "rank": 6272, "start": "2009-04-11", "result": 54602, "competition": "UtahOpen2009"}, "bestRank": {"end": "2009-04-17", "rank": 80, "start": "2009-04-11", "result": 54602, "competition": "UtahOpen2009"}}, "average": {"current": {"end": null, "rank": null, "start": "2009-04-11", "result": null, "competition": "UtahOpen2009"}, "bestRank": {"end": null, "rank": null, "start": null, "result": null, "competition": null}}}], "countries": [{"wcaId": "2005FLEI01", "single": {"current": {"end": null, "rank": 1166, "start": "2009-04-11", "result": 54602, "competition": "UtahOpen2009"}, "bestRank": {"end": "2009-04-24", "rank": 14, "start": "2009-04-11", "result": 54602, "competition": "UtahOpen2009"}}, "average": {"current": {"end": null, "rank": null, "start": "2009-04-11", "result": null, "competition": "UtahOpen2009"}, "bestRank": {"end": null, "rank": null, "start": null, "result": null, "competition": null}}, "country": "United States", "continent": "North America"}], "continents": [{"wcaId": "2005FLEI01", "single": {"current": {"end": null, "rank": 1651, "start": "2009-04-11", "result": 54602, "competition": "UtahOpen2009"}, "bestRank": {"end": "2009-04-24", "rank": 14, "start": "2009-04-11", "result": 54602, "competition": "UtahOpen2009"}}, "average": {"current": {"end": null, "rank": null, "start": "2009-04-11", "result": null, "competition": "UtahOpen2009"}, "bestRank": {"end": null, "rank": null, "start": null, "result": null, "competition": null}}, "continent": "North America"}]}, {"event": {"id": "333bf", "name": "3x3x3 Blindfolded"}, "worlds": [{"wcaId": "2005FLEI01", "single": {"current": {"end": null, "rank": 5101, "start": "2009-06-27", "result": 27911, "competition": "BerkeleySummer2009"}, "bestRank": {"end": "2009-06-27", "rank": 289, "start": "2009-06-27", "result": 27911, "competition": "BerkeleySummer2009"}}, "average": {"current": {"end": null, "rank": 1805, "start": "2012-08-03", "result": 33239, "competition": "USNationals2012"}, "bestRank": {"end": "2012-08-03", "rank": 211, "start": "2012-08-03", "result": 33239, "competition": "USNationals2012"}}}], "countries": [{"wcaId": "2005FLEI01", "single": {"current": {"end": null, "rank": 760, "start": "2009-06-27", "result": 27911, "competition": "BerkeleySummer2009"}, "bestRank": {"end": "2009-07-31", "rank": 72, "start": "2009-06-27", "result": 27911, "competition": "BerkeleySummer2009"}}, "average": {"current": {"end": null, "rank": 266, "start": "2012-08-03", "result": 33239, "competition": "USNationals2012"}, "bestRank": {"end": "2012-09-21", "rank": 36, "start": "2012-08-03", "result": 33239, "competition": "USNationals2012"}}, "country": "United States", "continent": "North America"}], "continents": [{"wcaId": "2005FLEI01", "single": {"current": {"end": null, "rank": 1018, "start": "2009-06-27", "result": 27911, "competition": "BerkeleySummer2009"}, "bestRank": {"end": "2009-07-31", "rank": 86, "start": "2009-06-27", "result": 27911, "competition": "BerkeleySummer2009"}}, "average": {"current": {"end": null, "rank": 361, "start": "2012-08-03", "result": 33239, "competition": "USNationals2012"}, "bestRank": {"end": "2012-09-21", "rank": 44, "start": "2012-08-03", "result": 33239, "competition": "USNationals2012"}}, "continent": "North America"}]}, {"event": {"id": "333fm", "name": "3x3x3 Fewest Moves"}, "worlds": [{"wcaId": "2005FLEI01", "single": {"current": {"end": null, "rank": 493, "start": "2014-10-26", "result": 28, "competition": "FMCUSA2014"}, "bestRank": {"end": "2009-10-30", "rank": 58, "start": "2009-10-09", "result": 35, "competition": "WC2009"}}, "average": {"current": {"end": null, "rank": 247, "start": "2015-10-04", "result": 3033, "competition": "PleaseBeQuiet2015"}, "bestRank": {"end": "2015-10-08", "rank": 37, "start": "2015-10-04", "result": 3033, "competition": "PleaseBeQuiet2015"}}}], "countries": [{"wcaId": "2005FLEI01", "single": {"current": {"end": null, "rank": 92, "start": "2014-10-26", "result": 28, "competition": "FMCUSA2014"}, "bestRank": {"end": "2010-07-10", "rank": 12, "start": "2009-10-09", "result": 35, "competition": "WC2009"}}, "average": {"current": {"end": null, "rank": 55, "start": "2015-10-04", "result": 3033, "competition": "PleaseBeQuiet2015"}, "bestRank": {"end": "2015-10-24", "rank": 12, "start": "2015-10-04", "result": 3033, "competition": "PleaseBeQuiet2015"}}, "country": "United States", "continent": "North America"}], "continents": [{"wcaId": "2005FLEI01", "single": {"current": {"end": null, "rank": 106, "start": "2014-10-26", "result": 28, "competition": "FMCUSA2014"}, "bestRank": {"end": "2010-07-10", "rank": 13, "start": "2009-10-09", "result": 35, "competition": "WC2009"}}, "average": {"current": {"end": null, "rank": 61, "start": "2015-10-04", "result": 3033, "competition": "PleaseBeQuiet2015"}, "bestRank": {"end": "2015-10-24", "rank": 13, "start": "2015-10-04", "result": 3033, "competition": "PleaseBeQuiet2015"}}, "continent": "North America"}]}, {"event": {"id": "333oh", "name": "3x3x3 One-Handed"}, "worlds": [{"wcaId": "2005FLEI01", "single": {"current": {"end": null, "rank": 175, "start": "2017-02-11", "result": 995, "competition": "BerkeleyWinter2017"}, "bestRank": {"end": "2008-08-01", "rank": 1, "start": "2008-07-12", "result": 1577, "competition": "UCSDSummer2008"}}, "average": {"current": {"end": null, "rank": 302, "start": "2017-11-18", "result": 1371, "competition": "BerkeleyFall2017"}, "bestRank": {"end": "2010-08-06", "rank": 3, "start": "2010-04-25", "result": 1778, "competition": "BerkeleySpring2010"}}}], "countries": [{"wcaId": "2005FLEI01", "single": {"current": {"end": null, "rank": 36, "start": "2017-02-11", "result": 995, "competition": "BerkeleyWinter2017"}, "bestRank": {"end": "2014-02-14", "rank": 0, "start": "2013-04-27", "result": 1128, "competition": "BerkeleySpring2013"}}, "average": {"current": {"end": null, "rank": 61, "start": "2017-11-18", "result": 1371, "competition": "BerkeleyFall2017"}, "bestRank": {"end": "2010-03-05", "rank": 1, "start": "2010-02-13", "result": 1828, "competition": "StanfordWinter2010"}}, "country": "United States", "continent": "North America"}], "continents": [{"wcaId": "2005FLEI01", "single": {"current": {"end": null, "rank": 43, "start": "2017-02-11", "result": 995, "competition": "BerkeleyWinter2017"}, "bestRank": {"end": "2014-02-14", "rank": 0, "start": "2013-04-27", "result": 1128, "competition": "BerkeleySpring2013"}}, "average": {"current": {"end": null, "rank": 70, "start": "2017-11-18", "result": 1371, "competition": "BerkeleyFall2017"}, "bestRank": {"end": "2011-08-11", "rank": 1, "start": "2011-02-12", "result": 1677, "competition": "BerkeleyWinter2011"}}, "continent": "North America"}]}, {"event": {"id": "minx", "name": "Megaminx"}, "worlds": [{"wcaId": "2005FLEI01", "single": {"current": {"end": null, "rank": 8964, "start": "2009-04-25", "result": 14647, "competition": "BerkeleySpring2009"}, "bestRank": {"end": "2009-04-30", "rank": 98, "start": "2009-04-25", "result": 14647, "competition": "BerkeleySpring2009"}}, "average": {"current": {"end": null, "rank": 7742, "start": "2009-04-25", "result": 15831, "competition": "BerkeleySpring2009"}, "bestRank": {"end": "2009-04-30", "rank": 91, "start": "2009-04-25", "result": 15831, "competition": "BerkeleySpring2009"}}}], "countries": [{"wcaId": "2005FLEI01", "single": {"current": {"end": null, "rank": 1452, "start": "2009-04-25", "result": 14647, "competition": "BerkeleySpring2009"}, "bestRank": {"end": "2009-06-26", "rank": 9, "start": "2009-04-25", "result": 14647, "competition": "BerkeleySpring2009"}}, "average": {"current": {"end": null, "rank": 1272, "start": "2009-04-25", "result": 15831, "competition": "BerkeleySpring2009"}, "bestRank": {"end": "2009-04-24", "rank": 9, "start": "2009-04-11", "result": 16550, "competition": "UtahOpen2009"}}, "country": "United States", "continent": "North America"}], "continents": [{"wcaId": "2005FLEI01", "single": {"current": {"end": null, "rank": 2253, "start": "2009-04-25", "result": 14647, "competition": "BerkeleySpring2009"}, "bestRank": {"end": "2009-06-26", "rank": 13, "start": "2009-04-25", "result": 14647, "competition": "BerkeleySpring2009"}}, "average": {"current": {"end": null, "rank": 1954, "start": "2009-04-25", "result": 15831, "competition": "BerkeleySpring2009"}, "bestRank": {"end": "2009-04-24", "rank": 13, "start": "2009-04-11", "result": 16550, "competition": "UtahOpen2009"}}, "continent": "North America"}]}, {"event": {"id": "sq1", "name": "Square-1"}, "worlds": [{"wcaId": "2005FLEI01", "single": {"current": {"end": null, "rank": 3851, "start": "2009-04-25", "result": 2419, "competition": "BerkeleySpring2009"}, "bestRank": {"end": "2008-07-18", "rank": 36, "start": "2008-07-12", "result": 3625, "competition": "UCSDSummer2008"}}, "average": {"current": {"end": null, "rank": 4416, "start": "2009-05-16", "result": 3520, "competition": "DiscoveryScience2009"}, "bestRank": {"end": "2008-06-06", "rank": 44, "start": "2008-05-24", "result": 6083, "competition": "SanDiegoOpen2008"}}}], "countries": [{"wcaId": "2005FLEI01", "single": {"current": {"end": null, "rank": 882, "start": "2009-04-25", "result": 2419, "competition": "BerkeleySpring2009"}, "bestRank": {"end": "2008-07-18", "rank": 8, "start": "2008-07-12", "result": 3625, "competition": "UCSDSummer2008"}}, "average": {"current": {"end": null, "rank": 988, "start": "2009-05-16", "result": 3520, "competition": "DiscoveryScience2009"}, "bestRank": {"end": "2008-11-21", "rank": 9, "start": "2008-11-15", "result": 3824, "competition": "BerkeleyFall2008"}}, "country": "United States", "continent": "North America"}], "continents": [{"wcaId": "2005FLEI01", "single": {"current": {"end": null, "rank": 1127, "start": "2009-04-25", "result": 2419, "competition": "BerkeleySpring2009"}, "bestRank": {"end": "2008-07-18", "rank": 8, "start": "2008-07-12", "result": 3625, "competition": "UCSDSummer2008"}}, "average": {"current": {"end": null, "rank": 1287, "start": "2009-05-16", "result": 3520, "competition": "DiscoveryScience2009"}, "bestRank": {"end": "2008-11-21", "rank": 9, "start": "2008-11-15", "result": 3824, "competition": "BerkeleyFall2008"}}, "continent": "North America"}]}]', '2022-01-18 06:54:59'),
    ('1982BORS01', '[{"event": {"id": "333", "name": "3x3x3 Cube"}, "worlds": [{"wcaId": "1982BORS01", "single": {"current": {"end": null, "rank": 88334, "start": "1982-06-05", "result": 3002, "competition": "WC1982"}, "bestRank": {"end": "2003-08-22", "rank": 12, "start": "1982-06-05", "result": 3002, "competition": "WC1982"}}, "average": {"current": {"end": null, "rank": null, "start": "1982-06-05", "result": null, "competition": "WC1982"}, "bestRank": {"end": null, "rank": null, "start": null, "result": null, "competition": null}}}], "countries": [{"wcaId": "1982BORS01", "single": {"current": {"end": null, "rank": 118, "start": "1982-06-05", "result": 3002, "competition": "WC1982"}, "bestRank": {"end": "2007-10-04", "rank": 0, "start": "1982-06-05", "result": 3002, "competition": "WC1982"}}, "average": {"current": {"end": null, "rank": null, "start": "1982-06-05", "result": null, "competition": "WC1982"}, "bestRank": {"end": null, "rank": null, "start": null, "result": null, "competition": null}}, "country": "Serbia", "continent": "Europe"}], "continents": [{"wcaId": "1982BORS01", "single": {"current": {"end": null, "rank": 20927, "start": "1982-06-05", "result": 3002, "competition": "WC1982"}, "bestRank": {"end": "2003-08-22", "rank": 8, "start": "1982-06-05", "result": 3002, "competition": "WC1982"}}, "average": {"current": {"end": null, "rank": null, "start": "1982-06-05", "result": null, "competition": "WC1982"}, "bestRank": {"end": null, "rank": null, "start": null, "result": null, "competition": null}}, "continent": "Europe"}]}]', '2022-01-18 06:00:25'),
    ('1982FRID01', '[{"event": {"id": "333", "name": "3x3x3 Cube"}, "worlds": [{"wcaId": "1982FRID01", "single": {"current": {"end": null, "rank": 42118, "start": "2003-08-23", "result": 1712, "competition": "WC2003"}, "bestRank": {"end": "2004-01-23", "rank": 3, "start": "2003-08-23", "result": 1712, "competition": "WC2003"}}, "average": {"current": {"end": null, "rank": 41741, "start": "2003-08-23", "result": 2048, "competition": "WC2003"}, "bestRank": {"end": "2004-01-23", "rank": 1, "start": "2003-08-23", "result": 2048, "competition": "WC2003"}}}], "countries": [{"wcaId": "1982FRID01", "single": {"current": {"end": null, "rank": 274, "start": "1982-06-05", "result": 2911, "competition": "WC1982"}, "bestRank": {"end": "2003-08-22", "rank": 0, "start": "1982-06-05", "result": 2911, "competition": "WC1982"}}, "average": {"current": {"end": null, "rank": null, "start": "1982-06-05", "result": null, "competition": "WC1982"}, "bestRank": {"end": null, "rank": null, "start": null, "result": null, "competition": null}}, "country": "Czech Republic", "continent": "Europe"}, {"wcaId": "1982FRID01", "single": {"current": {"end": null, "rank": 7105, "start": "2003-08-23", "result": 1712, "competition": "WC2003"}, "bestRank": {"end": "2004-07-09", "rank": 2, "start": "2003-08-23", "result": 1712, "competition": "WC2003"}}, "average": {"current": {"end": null, "rank": 7031, "start": "2003-08-23", "result": 2048, "competition": "WC2003"}, "bestRank": {"end": "2004-07-09", "rank": 1, "start": "2003-08-23", "result": 2048, "competition": "WC2003"}}, "country": "United States", "continent": "North America"}], "continents": [{"wcaId": "1982FRID01", "single": {"current": {"end": null, "rank": 20380, "start": "1982-06-05", "result": 2911, "competition": "WC1982"}, "bestRank": {"end": "2003-08-22", "rank": 6, "start": "1982-06-05", "result": 2911, "competition": "WC1982"}}, "average": {"current": {"end": null, "rank": null, "start": "1982-06-05", "result": null, "competition": "WC1982"}, "bestRank": {"end": null, "rank": null, "start": null, "result": null, "competition": null}}, "continent": "Europe"}, {"wcaId": "1982FRID01", "single": {"current": {"end": null, "rank": 9762, "start": "2003-08-23", "result": 1712, "competition": "WC2003"}, "bestRank": {"end": "2004-07-09", "rank": 2, "start": "2003-08-23", "result": 1712, "competition": "WC2003"}}, "average": {"current": {"end": null, "rank": 9667, "start": "2003-08-23", "result": 2048, "competition": "WC2003"}, "bestRank": {"end": "2004-07-09", "rank": 1, "start": "2003-08-23", "result": 2048, "competition": "WC2003"}}, "continent": "North America"}]}]', '2022-01-18 06:00:25');

-- Competitions
INSERT INTO wca_development.Competitions
    (id, name, cityName, countryId, information, `year`, `month`, `day`, endMonth, endDay, venue, venueAddress, venueDetails, external_website, cellName, showAtAll, latitude, longitude, contact, remarks, registration_open, registration_close, use_wca_registration, guests_enabled, results_posted_at, results_nag_sent_at, generate_website, announced_at, base_entry_fee_lowest_denomination, currency_code, endYear, connected_stripe_account_id, start_date, end_date, enable_donations, competitor_limit_enabled, competitor_limit, competitor_limit_reason, extra_registration_requirements, on_the_spot_registration, on_the_spot_entry_fee_lowest_denomination, refund_policy_percent, refund_policy_limit_date, guests_entry_fee_lowest_denomination, created_at, updated_at, results_submitted_at, early_puzzle_submission, early_puzzle_submission_reason, qualification_results, qualification_results_reason, name_reason, external_registration_page, confirmed_at, event_restrictions, event_restrictions_reason, registration_reminder_sent_at, announced_by, results_posted_by, main_event_id, cancelled_at, cancelled_by, waiting_list_deadline_date, event_change_deadline_date, free_guest_entry_status, allow_registration_edits)
VALUES
    ('WC1982', 'World Rubik''s Cube Championship 1982', 'Budapest', 'Hungary', '', 1982, 6, 5, 6, 5, '', '', '', '', 'World Championship 1982', 1, 47498403, 19040759, '', 'remarks to the board here', NULL, NULL, 0, 1, '1982-06-05 00:00:00', '2016-09-04 14:01:15', NULL, '1982-05-08 00:00:00', NULL, 'USD', 1982, NULL, '1982-06-05', '1982-06-05', NULL, NULL, NULL, NULL, NULL, NULL, NULL, NULL, NULL, NULL, NULL, NULL, '1982-06-05 00:00:00', NULL, NULL, NULL, NULL, NULL, NULL, '2018-09-15 17:46:45', NULL, NULL, NULL, 1681, 1, '333', NULL, NULL, NULL, NULL, 0, 0),
    ('WC2003', 'World Rubik''s Games Championship 2003', 'Toronto, Ontario', 'Canada', '', 2003, 8, 23, 8, 24, '[Ontario Science Center](http://www.osc.ca)', '', '', 'http://www.speedcubing.com/events/wc2003', 'World Championship 2003', 1, 43716470, -79338711, '', 'remarks to the board here', NULL, NULL, 0, 1, '2003-08-24 00:00:00', '2016-09-04 14:01:16', NULL, '2003-07-26 00:00:00', NULL, 'USD', 2003, NULL, '2003-08-23', '2003-08-24', NULL, NULL, NULL, NULL, NULL, NULL, NULL, NULL, NULL, NULL, NULL, NULL, '2003-08-24 00:00:00', NULL, NULL, NULL, NULL, NULL, NULL, '2018-09-15 17:46:45', NULL, NULL, NULL, 125297, 1, '333', NULL, NULL, NULL, NULL, 0, 0),
    ('DutchOpen2003', 'Dutch Open 2003', 'Veldhoven', 'Netherlands', '', 2003, 10, 11, 10, 11, '[ASML](http://www.asml.com)', 'De Run 6501, 5504 DR Veldhoven', 'Building 7', '', 'Dutch Open 2003', 1, 51405966, 5414813, NULL, 'remarks to the board here', NULL, NULL, 0, 1, '2003-10-11 00:00:00', '2016-09-04 14:00:23', NULL, '2003-09-13 00:00:00', NULL, 'USD', 2003, NULL, '2003-10-11', '2003-10-11', NULL, NULL, NULL, NULL, NULL, NULL, NULL, NULL, NULL, NULL, NULL, NULL, '2003-10-11 00:00:00', NULL, NULL, NULL, NULL, NULL, NULL, '2018-09-15 17:46:45', NULL, NULL, NULL, 125297, 1, '333', NULL, NULL, NULL, NULL, 0, 0);

-- Continents
INSERT INTO wca_development.Continents
    (id, name, recordName, latitude, longitude, zoom)
VALUES
    ('_Africa', 'Africa', 'AfR', 213671, 16984850, 3),
    ('_Asia', 'Asia', 'AsR', 34364439, 108330700, 2),
    ('_Europe', 'Europe', 'ER', 58299984, 23049300, 3),
    ('_Multiple Continents', 'Multiple Continents', '', 0, 0, 1),
    ('_North America', 'North America', 'NAR', 45486546, -93449700, 3),
    ('_Oceania', 'Oceania', 'OcR', -25274398, 133775136, 3),
    ('_South America', 'South America', 'SAR', -21735104, -63281250, 3);

INSERT INTO wca_development.Countries
    (id, name, continentId, iso2)
VALUES
    ('Australia', 'Australia', '_Oceania', 'AU'),
    ('Austria', 'Austria', '_Europe', 'AT'),
    ('Belgium', 'Belgium', '_Europe', 'BE'),
    ('Bulgaria', 'Bulgaria', '_Europe', 'BG'),
    ('Canada', 'Canada', '_North America', 'CA'),
    ('Czech Republic', 'Czech Republic', '_Europe', 'CZ'),
    ('Denmark', 'Denmark', '_Europe', 'DK'),
    ('Finland', 'Finland', '_Europe', 'FI'),
    ('France', 'France', '_Europe', 'FR'),
    ('Germany', 'Germany', '_Europe', 'DE'),
    ('Hungary', 'Hungary', '_Europe', 'HU'),
    ('Israel', 'Israel', '_Europe', 'IL'),
    ('Italy', 'Italy', '_Europe', 'IT'),
    ('Japan', 'Japan', '_Asia', 'JP'),
    ('Netherlands', 'Netherlands', '_Europe', 'NL'),
    ('Peru', 'Peru', '_South America', 'PE'),
    ('Poland', 'Poland', '_Europe', 'PL'),
    ('Portugal', 'Portugal', '_Europe', 'PT'),
    ('Serbia', 'Serbia', '_Europe', 'RS'),
    ('Sweden', 'Sweden', '_Europe', 'SE'),
    ('Switzerland', 'Switzerland', '_Europe', 'CH'),
    ('United Kingdom', 'United Kingdom', '_Europe', 'GB'),
    ('USA', 'United States', '_North America', 'US');

-- Competition Events
INSERT INTO wca_development.competition_events
    (id, competition_id, event_id, fee_lowest_denomination)
VALUES
    (30814, 'WC1982', '333', 0),
    (30815, 'WC2003', '333', 0),
    (30818, 'WC2003', '333bf', 0),
    (30820, 'WC2003', '333fm', 0),
    (30819, 'WC2003', '333oh', 0),
    (30816, 'WC2003', '444', 0),
    (30825, 'WC2003', '444bf', 0),
    (30817, 'WC2003', '555', 0),
    (30826, 'WC2003', '555bf', 0),
    (30824, 'WC2003', 'clock', 0),
    (30827, 'WC2003', 'magic', 0),
    (30821, 'WC2003', 'minx', 0),
    (30828, 'WC2003', 'mmagic', 0),
    (30822, 'WC2003', 'pyram', 0),
    (30823, 'WC2003', 'sq1', 0),
    (8683, 'DutchOpen2003', '333', 0);

-- Events
INSERT INTO wca_development.Events
    (id, name, `rank`, format, cellName)
VALUES
    ('333', '3x3x3 Cube', 10, 'time', '3x3x3 Cube'),
    ('333bf', '3x3x3 Blindfolded', 70, 'time', '3x3x3 Blindfolded'),
    ('333fm', '3x3x3 Fewest Moves', 80, 'number', '3x3x3 Fewest Moves'),
    ('333oh', '3x3x3 One-Handed', 90, 'time', '3x3x3 One-Handed'),
    ('444', '4x4x4 Cube', 30, 'time', '4x4x4 Cube'),
    ('444bf', '4x4x4 Blindfolded', 160, 'time', '4x4x4 Blindfolded'),
    ('555', '5x5x5 Cube', 40, 'time', '5x5x5 Cube'),
    ('555bf', '5x5x5 Blindfolded', 170, 'time', '5x5x5 Blindfolded'),
    ('clock', 'Clock', 110, 'time', 'Clock'),
    ('magic', 'Magic', 997, 'time', 'Magic'),
    ('minx', 'Megaminx', 120, 'time', 'Megaminx'),
    ('mmagic', 'Master Magic', 998, 'time', 'Master Magic'),
    ('pyram', 'Pyraminx', 130, 'time', 'Pyraminx'),
    ('sq1', 'Square-1', 150, 'time', 'Square-1');

-- Results
INSERT INTO wca_development.Results
    (id, pos, personId, personName, countryId, competitionId, eventId, roundTypeId, formatId, value1, value2, value3, value4, value5, best, average, regionalSingleRecord, regionalAverageRecord, updated_at)
VALUES
    (83462, 1, '1982THAI01', 'Minh Thai', 'USA', 'WC1982', '333', 'f', '3', 2716, 2295, 2797, 0, 0, 2295, 0, 'WR', NULL, '2018-10-04 06:09:31'),
    (83463, 2, '1982RAZO01', 'Guus Razoux Schultz', 'Netherlands', 'WC1982', '333', 'f', '3', 2432, 3151, 2615, 0, 0, 2432, 0, 'ER', NULL, '2018-10-04 06:09:31'),
    (83464, 3, '1982LABA01', 'Zoltn Lbas', 'Hungary', 'WC1982', '333', 'f', '3', 2449, 2758, 2821, 0, 0, 2449, 0, 'NR', NULL, '2018-10-04 06:09:31'),
    (83465, 4, '1982PETR01', 'Lars Petrus', 'Sweden', 'WC1982', '333', 'f', '3', 3542, 3311, 2457, 0, 0, 2457, 0, 'NR', NULL, '2018-10-04 06:09:31'),
    (83467, 6, '1982JEAN01', 'Jerome Jean-Charles', 'France', 'WC1982', '333', 'f', '3', 2787, 3118, 2506, 0, 0, 2506, 0, 'NR', NULL, '2018-10-04 06:09:31'),
    (83468, 7, '1982CHIL01', 'Julian Chilvers', 'United Kingdom', 'WC1982', '333', 'f', '3', 3059, 2595, 2746, 0, 0, 2595, 0, 'NR', NULL, '2018-10-04 06:09:31'),
    (83469, 8, '1982TRIN01', 'Duc Trinh', 'Canada', 'WC1982', '333', 'f', '3', 3744, 2663, 3609, 0, 0, 2663, 0, 'NR', NULL, '2018-10-04 06:09:31'),
    (83470, 9, '1982ROME01', 'Giuseppe Romeo', 'Italy', 'WC1982', '333', 'f', '3', 3423, 4175, 2811, 0, 0, 2811, 0, 'NR', NULL, '2018-10-04 06:09:31'),
    (83471, 10, '1982FRID01', 'Jessica Fridrich', 'Czech Republic', 'WC1982', '333', 'f', '3', 3149, 2911, 3320, 0, 0, 2911, 0, 'NR', NULL, '2018-10-04 06:09:31'),
    (83472, 11, '1982VALD01', 'Eduardo Valdivia Chacon', 'Peru', 'WC1982', '333', 'f', '3', 3491, 2962, 3001, 0, 0, 2962, 0, 'SAR', NULL, '2018-10-04 06:09:31'),
    (83473, 12, '1982LAET01', 'Luc Van Laethem', 'Belgium', 'WC1982', '333', 'f', '3', 3292, 3498, 2973, 0, 0, 2973, 0, 'NR', NULL, '2018-10-04 06:09:31'),
    (83474, 13, '1982BORS01', 'Jozsef Borsos', 'Serbia', 'WC1982', '333', 'f', '3', 3675, 3533, 3002, 0, 0, 3002, 0, 'NR', NULL, '2018-10-04 06:09:31'),
    (83475, 14, '1982BRIN01', 'Roland Brinkmann', 'Germany', 'WC1982', '333', 'f', '3', 3480, 3059, 3232, 0, 0, 3059, 0, 'NR', NULL, '2018-10-04 06:09:31'),
    (83476, 15, '1982SAND01', 'Jari Sandqvist', 'Finland', 'WC1982', '333', 'f', '3', 3117, -1, 3156, 0, 0, 3117, 0, 'NR', NULL, '2018-10-04 06:09:31'),
    (83477, 16, '1982GALR01', 'Manuel Galrinho', 'Portugal', 'WC1982', '333', 'f', '3', 4074, 4867, 3711, 0, 0, 3711, 0, 'NR', NULL, '2018-10-04 06:09:31'),
    (83479, 18, '1982TENE01', 'Svilen Tenev', 'Bulgaria', 'WC1982', '333', 'f', '3', 5188, 4729, 4735, 0, 0, 4729, 0, 'NR', NULL, '2018-10-04 06:09:31'),
    (83480, 19, '1982TRAJ01', 'Josef Trajber', 'Austria', 'WC1982', '333', 'f', '3', 5016, 5493, 5899, 0, 0, 5016, 0, 'NR', NULL, '2018-10-04 06:09:31'),
    (83466, 5, '1982UENO01', 'Ken''ichi Ueno ()', 'Japan', 'WC1982', '333', 'f', '3', 2756, 2790, 2491, 0, 0, 2491, 0, 'AsR', NULL, '2019-02-10 16:40:51'),
    (83478, 17, '1982SEBE01', 'Piotr Serbeski', 'Poland', 'WC1982', '333', 'f', '3', 4440, 3750, 4086, 0, 0, 3750, 0, 'NR', NULL, '2020-05-14 16:15:12'),
    (83621, 1, '2003WESL01', 'David Wesley', 'Sweden', 'WC2003', '444', '1', 'm', 8046, 9890, 9235, 0, 0, 8046, 9057, 'ER', 'WR', '2003-08-24 00:00:00'),
    (83622, 2, '2003AKIM01', 'Masayuki Akimoto ()', 'Japan', 'WC2003', '444', '1', 'm', 10152, 9373, 8016, 0, 0, 8016, 9180, 'WR', 'AsR', '2003-08-24 00:00:00'),
    (83623, 3, '2003BRUC01', 'Ron van Bruchem', 'Netherlands', 'WC2003', '444', '1', 'm', 11306, 9717, 10369, 0, 0, 9717, 10464, 'NR', 'NR', '2003-08-24 00:00:00'),
    (83624, 4, '2003HARD01', 'Chris Hardwick', 'USA', 'WC2003', '444', '1', 'm', 9984, 16256, 9669, 0, 0, 9669, 11970, 'NAR', 'NAR', '2003-08-24 00:00:00'),
    (83627, 7, '2003BADI01', 'Frdrick Badie', 'France', 'WC2003', '444', '1', 'm', 15974, 13555, 14662, 0, 0, 13555, 14730, 'NR', 'NR', '2003-08-24 00:00:00'),
    (83633, 13, '2003VAND01', 'Lars Vandenbergh', 'Belgium', 'WC2003', '444', '1', 'm', 20850, 14079, 18627, 0, 0, 14079, 17852, 'NR', 'NR', '2003-08-24 00:00:00'),
    (83639, 19, '2003LEEJ01', 'Jasmine Lee', 'Australia', 'WC2003', '444', '1', 'm', 25026, 22150, 20802, 0, 0, 20802, 22659, 'OcR', 'OcR', '2003-08-24 00:00:00'),
    (83644, 1, '2003AKIM01', 'Masayuki Akimoto ()', 'Japan', 'WC2003', '555', 'f', 'm', 17676, 16762, 16696, 0, 0, 16696, 17045, 'AsR', 'WR', '2003-08-24 00:00:00'),
    (83647, 1, '2003WESL01', 'David Wesley', 'Sweden', 'WC2003', '555', '1', 'm', 20212, 17023, 13969, 0, 0, 13969, 17068, 'WR', 'WR', '2003-08-24 00:00:00'),
    (83648, 2, '2003AKIM01', 'Masayuki Akimoto ()', 'Japan', 'WC2003', '555', '1', 'm', 17426, 19351, 18205, 0, 0, 17426, 18327, 'AsR', 'AsR', '2003-08-24 00:00:00'),
    (83649, 3, '2003TREG02', 'Grant Tregay', 'USA', 'WC2003', '555', '1', 'm', 19905, 21484, 23441, 0, 0, 19905, 21610, 'NAR', 'NAR', '2003-08-24 00:00:00'),
    (83650, 4, '2003BRUC01', 'Ron van Bruchem', 'Netherlands', 'WC2003', '555', '1', 'm', 23224, 26649, 20907, 0, 0, 20907, 23593, 'NR', 'NR', '2003-08-24 00:00:00'),
    (83654, 8, '2003SWAR02', 'Michael Swart', 'Canada', 'WC2003', '555', '1', 'm', 32970, 32328, 29243, 0, 0, 29243, 31514, 'NR', 'NR', '2003-08-24 00:00:00'),
    (83655, 9, '2003VAND01', 'Lars Vandenbergh', 'Belgium', 'WC2003', '555', '1', 'm', 33618, 34506, 32387, 0, 0, 32387, 33504, 'NR', 'NR', '2003-08-24 00:00:00'),
    (83481, 1, '2003KNIG01', 'Dan Knights', 'USA', 'WC2003', '333', 'f', 'a', 2113, 1993, 1895, 2207, 1876, 1876, 2000, NULL, 'WR', '2018-10-04 06:08:02'),
    (83483, 3, '2003WESL01', 'David Wesley', 'Sweden', 'WC2003', '333', 'f', 'a', 2487, 2182, 1981, 1984, 2122, 1981, 2096, NULL, 'ER', '2018-10-04 06:08:02'),
    (83484, 4, '2003VAND01', 'Lars Vandenbergh', 'Belgium', 'WC2003', '333', 'f', 'a', 2142, 1927, 2149, 2219, 2170, 1927, 2154, NULL, 'NR', '2018-10-04 06:08:02'),
    (83485, 5, '2003BOND01', 'Jess Bonde', 'Denmark', 'WC2003', '333', 'f', 'a', 2034, 2129, 2342, 2506, 1921, 1921, 2168, NULL, 'NR', '2018-10-04 06:08:02'),
    (83488, 8, '2003BRUC01', 'Ron van Bruchem', 'Netherlands', 'WC2003', '333', 'f', 'a', 2597, 2446, 2471, 1958, 1946, 1946, 2292, NULL, 'NR', '2018-10-04 06:08:02'),
    (83482, 2, '1982FRID01', 'Jessica Fridrich', 'USA', 'WC2003', '333', 'f', 'a', 2753, 2222, 1733, 1712, 2188, 1712, 2048, NULL, NULL, '2018-10-04 06:09:31'),
    (83486, 6, '2003ALLE01', 'David Allen', 'USA', 'WC2003', '333', 'f', 'a', 2213, 1795, 2767, 2406, 1956, 1795, 2192, NULL, NULL, '2018-10-04 06:09:31'),
    (83487, 7, '2003MEAN01', 'Gene Means', 'USA', 'WC2003', '333', 'f', 'a', 2928, 2092, 2148, 2388, 2093, 2092, 2210, NULL, NULL, '2018-10-04 06:09:31'),
    (83489, 1, '2003KNIG01', 'Dan Knights', 'USA', 'WC2003', '333', '1', '3', 2084, 2125, 1671, 0, 0, 1671, 0, 'WR', NULL, '2018-10-04 06:09:31'),
    (83490, 2, '2003AKIM01', 'Masayuki Akimoto ()', 'Japan', 'WC2003', '333', '1', '3', 1966, 1976, 1779, 0, 0, 1779, 0, 'AsR', NULL, '2018-10-04 06:09:31'),
    (83491, 3, '2003ALLE01', 'David Allen', 'USA', 'WC2003', '333', '1', '3', 1915, 2237, 1796, 0, 0, 1796, 0, NULL, NULL, '2018-10-04 06:09:31'),
    (83492, 4, '2003VAND01', 'Lars Vandenbergh', 'Belgium', 'WC2003', '333', '1', '3', 1830, 1969, 2094, 0, 0, 1830, 0, 'ER', NULL, '2018-10-04 06:09:31'),
    (83493, 5, '1982FRID01', 'Jessica Fridrich', 'USA', 'WC2003', '333', '1', '3', 2336, 2325, 1977, 0, 0, 1977, 0, NULL, NULL, '2018-10-04 06:09:31'),
    (83494, 6, '2003BOND01', 'Jess Bonde', 'Denmark', 'WC2003', '333', '1', '3', 5115, 2025, 2189, 0, 0, 2025, 0, 'NR', NULL, '2018-10-04 06:09:31'),
    (83495, 7, '2003MAKI01', 'Shotaro Makisumi ()', 'Japan', 'WC2003', '333', '1', '3', 2567, 2540, 2030, 0, 0, 2030, 0, NULL, NULL, '2018-10-04 06:09:31'),
    (83496, 8, '2003LIDO01', 'Doug Li', 'USA', 'WC2003', '333', '1', '3', 2327, 3050, 2036, 0, 0, 2036, 0, NULL, NULL, '2018-10-04 06:09:31'),
    (83497, 9, '2003CAMA01', 'Andy Camann', 'USA', 'WC2003', '333', '1', '3', 2093, 2054, 2275, 0, 0, 2054, 0, NULL, NULL, '2018-10-04 06:09:31'),
    (83498, 10, '2003KONI01', 'Katsuyuki Konishi ()', 'Japan', 'WC2003', '333', '1', '3', 2491, 3177, 2093, 0, 0, 2093, 0, NULL, NULL, '2018-10-04 06:09:31'),
    (83499, 11, '2003BRUC01', 'Ron van Bruchem', 'Netherlands', 'WC2003', '333', '1', '3', 2104, 2345, 2098, 0, 0, 2098, 0, 'NR', NULL, '2018-10-04 06:09:31'),
    (83500, 12, '2003WESL01', 'David Wesley', 'Sweden', 'WC2003', '333', '1', '3', 2279, 2186, 2147, 0, 0, 2147, 0, 'NR', NULL, '2018-10-04 06:09:31'),
    (83501, 13, '2003HARD01', 'Chris Hardwick', 'USA', 'WC2003', '333', '1', '3', 2384, 2215, 2195, 0, 0, 2195, 0, NULL, NULL, '2018-10-04 06:09:31'),
    (83502, 14, '2003MEAN01', 'Gene Means', 'USA', 'WC2003', '333', '1', '3', 2473, 3073, 2318, 0, 0, 2318, 0, NULL, NULL, '2018-10-04 06:09:31'),
    (83503, 15, '2003ZBOR02', 'Zbigniew Zborowski', 'Poland', 'WC2003', '333', '1', '3', 2462, 2339, 2977, 0, 0, 2339, 0, 'NR', NULL, '2018-10-04 06:09:31'),
    (83504, 16, '2003MORR02', 'Jon Morris', 'USA', 'WC2003', '333', '1', '3', 2929, 2718, 2381, 0, 0, 2381, 0, NULL, NULL, '2018-10-04 06:09:31'),
    (83505, 17, '2003TEMP01', 'Thomas Templier', 'France', 'WC2003', '333', '1', '3', 2395, 2390, 2527, 0, 0, 2390, 0, 'NR', NULL, '2018-10-04 06:09:31'),
    (83506, 18, '2003MORG01', 'Brent Morgan', 'USA', 'WC2003', '333', '1', '3', 2419, 3003, 2612, 0, 0, 2419, 0, NULL, NULL, '2018-10-04 06:09:31'),
    (83507, 19, '2003TREG02', 'Grant Tregay', 'USA', 'WC2003', '333', '1', '3', 2633, 2453, 2733, 0, 0, 2453, 0, NULL, NULL, '2018-10-04 06:09:31'),
    (83508, 20, '2003BARR01', 'David Barr', 'USA', 'WC2003', '333', '1', '3', 2464, 2848, 3269, 0, 0, 2464, 0, NULL, NULL, '2018-10-04 06:09:31'),
    (83509, 21, '2003BLON01', 'Michiel van der Blonk', 'Netherlands', 'WC2003', '333', '1', '3', 2689, 2487, 2585, 0, 0, 2487, 0, NULL, NULL, '2018-10-04 06:09:31'),
    (83510, 22, '2003GOLJ01', 'Mirek Goljan', 'Czech Republic', 'WC2003', '333', '1', '3', 2501, 2610, 2527, 0, 0, 2501, 0, 'NR', NULL, '2018-10-04 06:09:31'),
    (83511, 23, '2003ATKI01', 'Michael Atkinson', 'USA', 'WC2003', '333', '1', '3', 2595, 3270, 3490, 0, 0, 2595, 0, NULL, NULL, '2018-10-04 06:09:31'),
    (83512, 24, '2003MORR01', 'Frank Morris', 'USA', 'WC2003', '333', '1', '3', 3122, 3038, 2601, 0, 0, 2601, 0, NULL, NULL, '2018-10-04 06:09:31'),
    (83513, 25, '1982PETR01', 'Lars Petrus', 'Sweden', 'WC2003', '333', '1', '3', 3665, 2657, 2649, 0, 0, 2649, 0, NULL, NULL, '2018-10-04 06:09:31'),
    (83514, 26, '2003PETE01', 'Bob Peters', 'Canada', 'WC2003', '333', '1', '3', 3093, 2675, 2836, 0, 0, 2675, 0, NULL, NULL, '2018-10-04 06:09:31'),
    (83515, 27, '2003BADI01', 'Frdrick Badie', 'France', 'WC2003', '333', '1', '3', 2714, 2698, 3098, 0, 0, 2698, 0, NULL, NULL, '2018-10-04 06:09:31'),
    (83516, 28, '2003HARR01', 'Dan Harris', 'United Kingdom', 'WC2003', '333', '1', '3', 2716, 2803, 2895, 0, 0, 2716, 0, NULL, NULL, '2018-10-04 06:09:31'),
    (83517, 29, '2003KNAP01', 'Ryan Knapton', 'USA', 'WC2003', '333', '1', '3', 2988, 2726, 3047, 0, 0, 2726, 0, NULL, NULL, '2018-10-04 06:09:31'),
    (83518, 30, '2003LONG01', 'Mark Longridge', 'Canada', 'WC2003', '333', '1', '3', 3206, 3468, 2742, 0, 0, 2742, 0, NULL, NULL, '2018-10-04 06:09:31'),
    (83519, 31, '2003BRAN01', 'Kenneth Brandon', 'USA', 'WC2003', '333', '1', '3', 2912, 2925, 2788, 0, 0, 2788, 0, NULL, NULL, '2018-10-04 06:09:31'),
    (83520, 32, '2003WEBL01', 'Cameron Webley', 'USA', 'WC2003', '333', '1', '3', 2904, 3281, 2878, 0, 0, 2878, 0, NULL, NULL, '2018-10-04 06:09:31'),
    (83521, 33, '2003RUET01', 'Jake Rueth', 'USA', 'WC2003', '333', '1', '3', 3328, 3350, 2988, 0, 0, 2988, 0, NULL, NULL, '2018-10-04 06:09:31'),
    (83522, 34, '2003BABC01', 'Peter Babcock', 'USA', 'WC2003', '333', '1', '3', 3025, 3201, 3928, 0, 0, 3025, 0, NULL, NULL, '2018-10-04 06:09:31'),
    (83523, 35, '2003LITT01', 'Heath Litton', 'USA', 'WC2003', '333', '1', '3', 3244, 3208, 3072, 0, 0, 3072, 0, NULL, NULL, '2018-10-04 06:09:31'),
    (83524, 36, '2003SLAT01', 'Adam Slate', 'USA', 'WC2003', '333', '1', '3', 4108, 3172, 4082, 0, 0, 3172, 0, NULL, NULL, '2018-10-04 06:09:31'),
    (83525, 37, '2003JANS01', 'Peter Jansen', 'Netherlands', 'WC2003', '333', '1', '3', 3228, 4820, 3378, 0, 0, 3228, 0, NULL, NULL, '2018-10-04 06:09:31'),
    (83526, 38, '2003BLUS01', 'Iliya Bluskov', 'Canada', 'WC2003', '333', '1', '3', 3831, 3279, 5767, 0, 0, 3279, 0, NULL, NULL, '2018-10-04 06:09:31'),
    (83527, 39, '2003DENN01', 'Ton Dennenbroek', 'Netherlands', 'WC2003', '333', '1', '3', 4702, 3393, 7423, 0, 0, 3393, 0, NULL, NULL, '2018-10-04 06:09:31'),
    (83528, 40, '2003EAST01', 'Justin Eastman', 'Canada', 'WC2003', '333', '1', '3', 3398, 4792, 3591, 0, 0, 3398, 0, NULL, NULL, '2018-10-04 06:09:31'),
    (83529, 41, '2003SAUE01', 'Keith Sauer', 'USA', 'WC2003', '333', '1', '3', 3414, 3730, 3744, 0, 0, 3414, 0, NULL, NULL, '2018-10-04 06:09:31'),
    (83530, 42, '2003HILD01', 'Jason Hildebrand', 'USA', 'WC2003', '333', '1', '3', 4630, 3683, 4388, 0, 0, 3683, 0, NULL, NULL, '2018-10-04 06:09:31'),
    (83531, 43, '2003SWAR02', 'Michael Swart', 'Canada', 'WC2003', '333', '1', '3', 4357, 5007, 3696, 0, 0, 3696, 0, NULL, NULL, '2018-10-04 06:09:31'),
    (83532, 44, '2003ALLE02', 'Joe Allen', 'USA', 'WC2003', '333', '1', '3', 3838, 4793, 3734, 0, 0, 3734, 0, NULL, NULL, '2018-10-04 06:09:31'),
    (83533, 45, '2003PATT01', 'Richard Patterson', 'USA', 'WC2003', '333', '1', '3', 3745, 4015, 4249, 0, 0, 3745, 0, NULL, NULL, '2018-10-04 06:09:31'),
    (83534, 46, '2003HARN01', 'Cory Harnish', 'Canada', 'WC2003', '333', '1', '3', 6266, 3997, 4876, 0, 0, 3997, 0, NULL, NULL, '2018-10-04 06:09:31'),
    (83535, 47, '2003DUFO01', 'Corey Duford', 'Canada', 'WC2003', '333', '1', '3', 4416, 4048, 4010, 0, 0, 4010, 0, NULL, NULL, '2018-10-04 06:09:31'),
    (83536, 48, '2003RAST01', 'Iman Rastegari', 'USA', 'WC2003', '333', '1', '3', 5401, 4067, 7185, 0, 0, 4067, 0, NULL, NULL, '2018-10-04 06:09:31'),
    (83537, 49, '2003JOHA01', 'Eric Johanson', 'USA', 'WC2003', '333', '1', '3', 7530, 4195, 4077, 0, 0, 4077, 0, NULL, NULL, '2018-10-04 06:09:31'),
    (83538, 50, '2003GOET01', 'Jeff Goetz', 'USA', 'WC2003', '333', '1', '3', 6525, 4686, 4094, 0, 0, 4094, 0, NULL, NULL, '2018-10-04 06:09:31'),
    (83539, 51, '2003BOUT01', 'Jonathan Bouthilet', 'USA', 'WC2003', '333', '1', '3', 5424, 4261, 4539, 0, 0, 4261, 0, NULL, NULL, '2018-10-04 06:09:31'),
    (83540, 52, '2003BARR02', 'Joe Barratt', 'United Kingdom', 'WC2003', '333', '1', '3', 9762, 4361, 4499, 0, 0, 4361, 0, NULL, NULL, '2018-10-04 06:09:31'),
    (83541, 53, '2003WESS01', 'Rune Wesstrm', 'Sweden', 'WC2003', '333', '1', '3', 5584, 5249, 4676, 0, 0, 4676, 0, NULL, NULL, '2018-10-04 06:09:31'),
    (83542, 54, '2003WINO01', 'Ian Winokur', 'USA', 'WC2003', '333', '1', '3', 4869, 5702, 10122, 0, 0, 4869, 0, NULL, NULL, '2018-10-04 06:09:31'),
    (83543, 55, '2003HAZR01', 'Shiraz Hazrat', 'USA', 'WC2003', '333', '1', '3', 8717, 5536, 5055, 0, 0, 5055, 0, NULL, NULL, '2018-10-04 06:09:31'),
    (83544, 56, '2003SAVO01', 'Andy Savoy', 'USA', 'WC2003', '333', '1', '3', 8710, 5240, 5622, 0, 0, 5240, 0, NULL, NULL, '2018-10-04 06:09:31'),
    (83545, 57, '2003PAPI01', 'Suzanne Papin', 'USA', 'WC2003', '333', '1', '3', 8624, 6905, 5280, 0, 0, 5280, 0, NULL, NULL, '2018-10-04 06:09:31'),
    (83546, 58, '2003LICH01', 'Marty Licht', 'USA', 'WC2003', '333', '1', '3', 8391, 5293, 8809, 0, 0, 5293, 0, NULL, NULL, '2018-10-04 06:09:31'),
    (83547, 59, '2003LEEJ01', 'Jasmine Lee', 'Australia', 'WC2003', '333', '1', '3', 5429, 5725, 6238, 0, 0, 5429, 0, 'OcR', NULL, '2018-10-04 06:09:31'),
    (83548, 60, '2003LEBL01', 'Benjamin LeBlond', 'Canada', 'WC2003', '333', '1', '3', 6416, 7572, 5782, 0, 0, 5782, 0, NULL, NULL, '2018-10-04 06:09:31'),
    (83549, 61, '2003BELL01', 'Andy Bellenir', 'USA', 'WC2003', '333', '1', '3', 5785, 9579, 7135, 0, 0, 5785, 0, NULL, NULL, '2018-10-04 06:09:31'),
    (83550, 62, '2003LARS01', 'Anders Larsson', 'Sweden', 'WC2003', '333', '1', '3', 12228, 7942, 5855, 0, 0, 5855, 0, NULL, NULL, '2018-10-04 06:09:31'),
    (83551, 63, '2003MART01', 'Frdric Martineau', 'Canada', 'WC2003', '333', '1', '3', 6908, 7537, 5871, 0, 0, 5871, 0, NULL, NULL, '2018-10-04 06:09:31'),
    (83552, 64, '2003BURT01', 'Bob Burton', 'USA', 'WC2003', '333', '1', '3', 6702, 5876, 7345, 0, 0, 5876, 0, NULL, NULL, '2018-10-04 06:09:31'),
    (83553, 65, '2003FALM01', 'Michal Falmyk', 'Canada', 'WC2003', '333', '1', '3', 8923, 9630, 6422, 0, 0, 6422, 0, NULL, NULL, '2018-10-04 06:09:31'),
    (83554, 66, '2003CEGE01', 'Nick Cegelka', 'USA', 'WC2003', '333', '1', '3', 6957, 6426, 8681, 0, 0, 6426, 0, NULL, NULL, '2018-10-04 06:09:31'),
    (83555, 67, '2003SWAN01', 'Kevin Swan', 'Canada', 'WC2003', '333', '1', '3', 13283, 7867, 6550, 0, 0, 6550, 0, NULL, NULL, '2018-10-04 06:09:31'),
    (83556, 68, '2003WINT01', 'Lucas Winter', 'Canada', 'WC2003', '333', '1', '3', 6551, 11008, 9863, 0, 0, 6551, 0, NULL, NULL, '2018-10-04 06:09:31'),
    (83557, 69, '2003TREG01', 'Betty Tregay', 'USA', 'WC2003', '333', '1', '3', 9157, 7987, 6583, 0, 0, 6583, 0, NULL, NULL, '2018-10-04 06:09:31'),
    (83558, 70, '2003POWE01', 'Michael Powers', 'USA', 'WC2003', '333', '1', '3', 7294, 7711, 6849, 0, 0, 6849, 0, NULL, NULL, '2018-10-04 06:09:31'),
    (83559, 71, '2003BRAN02', 'Kevin Brandon', 'USA', 'WC2003', '333', '1', '3', 8054, 6862, 9546, 0, 0, 6862, 0, NULL, NULL, '2018-10-04 06:09:31'),
    (83560, 72, '2003ATTA01', 'Paul Attar', 'Canada', 'WC2003', '333', '1', '3', 8121, 8086, 7090, 0, 0, 7090, 0, NULL, NULL, '2018-10-04 06:09:31'),
    (83561, 73, '2003GOOD01', 'Jay Goodell', 'USA', 'WC2003', '333', '1', '3', 7955, 7379, 9485, 0, 0, 7379, 0, NULL, NULL, '2018-10-04 06:09:31'),
    (83562, 74, '2003BRAN03', 'Wes Brandon', 'Canada', 'WC2003', '333', '1', '3', 8569, 8244, 7388, 0, 0, 7388, 0, NULL, NULL, '2018-10-04 06:09:31'),
    (83563, 75, '2003KNIG02', 'Elizabeth Knights', 'USA', 'WC2003', '333', '1', '3', 7896, 7600, 11839, 0, 0, 7600, 0, NULL, NULL, '2018-10-04 06:09:31'),
    (83564, 76, '2003ALGA01', 'Rafael Algarin', 'USA', 'WC2003', '333', '1', '3', 10422, 19005, 8003, 0, 0, 8003, 0, NULL, NULL, '2018-10-04 06:09:31'),
    (83565, 77, '2003THOM01', 'Sandy Thompson', 'Canada', 'WC2003', '333', '1', '3', 8956, 8723, 8027, 0, 0, 8027, 0, NULL, NULL, '2018-10-04 06:09:31'),
    (83566, 78, '2003JOZW01', 'Kirt Jozwiak', 'USA', 'WC2003', '333', '1', '3', 8109, 12000, 8321, 0, 0, 8109, 0, NULL, NULL, '2018-10-04 06:09:31'),
    (83567, 79, '2003STAU01', 'Guido Staub', 'Switzerland', 'WC2003', '333', '1', '3', 10151, 8471, 9704, 0, 0, 8471, 0, 'NR', NULL, '2018-10-04 06:09:31'),
    (83568, 80, '2003TING01', 'Matthew Tingle', 'Canada', 'WC2003', '333', '1', '3', 10958, 15104, 9572, 0, 0, 9572, 0, NULL, NULL, '2018-10-04 06:09:31'),
    (83569, 81, '2003ZBOR01', 'Wiktoria Zborowska', 'Poland', 'WC2003', '333', '1', '3', 10085, 13587, 10681, 0, 0, 10085, 0, NULL, NULL, '2018-10-04 06:09:31'),
    (83570, 82, '2003GRAN01', 'Carvo Grant', 'USA', 'WC2003', '333', '1', '3', 14849, 15124, 14652, 0, 0, 14652, 0, NULL, NULL, '2018-10-04 06:09:31'),
    (83571, 83, '2003POUR01', 'Yasmara Pourrier', 'Netherlands', 'WC2003', '333', '1', '3', 23692, 24313, 25462, 0, 0, 23692, 0, NULL, NULL, '2018-10-04 06:09:31'),
    (83572, 1, '2003BOND01', 'Jess Bonde', 'Denmark', 'WC2003', '333', '2', '3', 1891, 1653, 2031, 0, 0, 1653, 0, 'WR', NULL, '2018-10-04 06:09:31'),
    (83573, 2, '2003ALLE01', 'David Allen', 'USA', 'WC2003', '333', '2', '3', 2507, 1884, 1699, 0, 0, 1699, 0, NULL, NULL, '2018-10-04 06:09:31'),
    (83574, 3, '2003VAND01', 'Lars Vandenbergh', 'Belgium', 'WC2003', '333', '2', '3', 2055, 2463, 1717, 0, 0, 1717, 0, 'NR', NULL, '2018-10-04 06:09:31'),
    (83575, 4, '2003MEAN01', 'Gene Means', 'USA', 'WC2003', '333', '2', '3', 2036, 1720, 2037, 0, 0, 1720, 0, NULL, NULL, '2018-10-04 06:09:31'),
    (83576, 5, '2003BRUC01', 'Ron van Bruchem', 'Netherlands', 'WC2003', '333', '2', '3', 1725, 2162, 5307, 0, 0, 1725, 0, 'NR', NULL, '2018-10-04 06:09:31'),
    (83577, 6, '2003KNIG01', 'Dan Knights', 'USA', 'WC2003', '333', '2', '3', 1771, 2089, 1736, 0, 0, 1736, 0, NULL, NULL, '2018-10-04 06:09:31'),
    (83578, 7, '2003WESL01', 'David Wesley', 'Sweden', 'WC2003', '333', '2', '3', 1751, 1808, 1737, 0, 0, 1737, 0, 'NR', NULL, '2018-10-04 06:09:31'),
    (83579, 8, '1982FRID01', 'Jessica Fridrich', 'USA', 'WC2003', '333', '2', '3', 2294, 1807, 2551, 0, 0, 1807, 0, NULL, NULL, '2018-10-04 06:09:31'),
    (83580, 9, '2003KONI01', 'Katsuyuki Konishi ()', 'Japan', 'WC2003', '333', '2', '3', 1851, 2342, 1992, 0, 0, 1851, 0, NULL, NULL, '2018-10-04 06:09:31'),
    (83581, 10, '2003MORR02', 'Jon Morris', 'USA', 'WC2003', '333', '2', '3', 1871, 2813, 2283, 0, 0, 1871, 0, NULL, NULL, '2018-10-04 06:09:31'),
    (83582, 11, '2003ZBOR02', 'Zbigniew Zborowski', 'Poland', 'WC2003', '333', '2', '3', 1892, 2417, 2181, 0, 0, 1892, 0, 'NR', NULL, '2018-10-04 06:09:31'),
    (83583, 12, '2003CAMA01', 'Andy Camann', 'USA', 'WC2003', '333', '2', '3', 1939, 2273, 2368, 0, 0, 1939, 0, NULL, NULL, '2018-10-04 06:09:31'),
    (83584, 13, '2003AKIM01', 'Masayuki Akimoto ()', 'Japan', 'WC2003', '333', '2', '3', 1951, 2286, 3870, 0, 0, 1951, 0, NULL, NULL, '2018-10-04 06:09:31'),
    (83585, 14, '2003GOLJ01', 'Mirek Goljan', 'Czech Republic', 'WC2003', '333', '2', '3', 2111, 2019, 2366, 0, 0, 2019, 0, 'NR', NULL, '2018-10-04 06:09:31'),
    (83586, 15, '2003HARD01', 'Chris Hardwick', 'USA', 'WC2003', '333', '2', '3', 2221, 2109, 2223, 0, 0, 2109, 0, NULL, NULL, '2018-10-04 06:09:31'),
    (83587, 16, '2003MAKI01', 'Shotaro Makisumi ()', 'Japan', 'WC2003', '333', '2', '3', 2259, 2423, 2134, 0, 0, 2134, 0, NULL, NULL, '2018-10-04 06:09:31'),
    (83588, 17, '1982PETR01', 'Lars Petrus', 'Sweden', 'WC2003', '333', '2', '3', 3498, 2499, 2192, 0, 0, 2192, 0, NULL, NULL, '2018-10-04 06:09:31'),
    (83589, 18, '2003TREG02', 'Grant Tregay', 'USA', 'WC2003', '333', '2', '3', 2244, 3017, 2601, 0, 0, 2244, 0, NULL, NULL, '2018-10-04 06:09:31'),
    (83590, 19, '2003KNAP01', 'Ryan Knapton', 'USA', 'WC2003', '333', '2', '3', 2260, 3903, 2467, 0, 0, 2260, 0, NULL, NULL, '2018-10-04 06:09:31'),
    (83591, 20, '2003TEMP01', 'Thomas Templier', 'France', 'WC2003', '333', '2', '3', 2292, 3041, 2461, 0, 0, 2292, 0, 'NR', NULL, '2018-10-04 06:09:31'),
    (83592, 21, '2003BARR01', 'David Barr', 'USA', 'WC2003', '333', '2', '3', 2300, 2488, 2910, 0, 0, 2300, 0, NULL, NULL, '2018-10-04 06:09:31'),
    (83593, 22, '2003BADI01', 'Frdrick Badie', 'France', 'WC2003', '333', '2', '3', 2332, 2790, 3128, 0, 0, 2332, 0, NULL, NULL, '2018-10-04 06:09:31'),
    (83594, 23, '2003MORG01', 'Brent Morgan', 'USA', 'WC2003', '333', '2', '3', 2396, 2876, 2975, 0, 0, 2396, 0, NULL, NULL, '2018-10-04 06:09:31'),
    (83595, 24, '2003LIDO01', 'Doug Li', 'USA', 'WC2003', '333', '2', '3', 2660, 2634, 2418, 0, 0, 2418, 0, NULL, NULL, '2018-10-04 06:09:31'),
    (83596, 26, '2003BRAN01', 'Kenneth Brandon', 'USA', 'WC2003', '333', '2', '3', 2521, 2904, 4166, 0, 0, 2521, 0, NULL, NULL, '2018-10-04 06:09:31'),
    (83597, 27, '2003BLON01', 'Michiel van der Blonk', 'Netherlands', 'WC2003', '333', '2', '3', 3193, 2542, 3184, 0, 0, 2542, 0, NULL, NULL, '2018-10-04 06:09:31'),
    (83598, 28, '2003PETE01', 'Bob Peters', 'Canada', 'WC2003', '333', '2', '3', 2730, 2821, 2556, 0, 0, 2556, 0, NULL, NULL, '2018-10-04 06:09:31'),
    (83599, 29, '2003ATKI01', 'Michael Atkinson', 'USA', 'WC2003', '333', '2', '3', 3072, 2594, 3395, 0, 0, 2594, 0, NULL, NULL, '2018-10-04 06:09:31'),
    (83600, 30, '2003HARR01', 'Dan Harris', 'United Kingdom', 'WC2003', '333', '2', '3', 2631, -1, 3018, 0, 0, 2631, 0, NULL, NULL, '2018-10-04 06:09:31'),
    (83601, 25, '2003LONG01', 'Mark Longridge', 'Canada', 'WC2003', '333', '2', '3', 2479, 3782, 3193, 0, 0, 2479, 0, 'NR', NULL, '2018-10-04 06:09:31'),
    (83602, 31, '2003MORR01', 'Frank Morris', 'USA', 'WC2003', '333', '2', '3', 3526, 3316, 2839, 0, 0, 2839, 0, NULL, NULL, '2018-10-04 06:09:31'),
    (83603, 32, '2003WEBL01', 'Cameron Webley', 'USA', 'WC2003', '333', '2', '3', 3031, 3186, 3966, 0, 0, 3031, 0, NULL, NULL, '2018-10-04 06:09:31'),
    (83604, 1, '2003VOMB01', 'Dror Vomberg', 'Israel', 'WC2003', '333bf', 'f', '1', 23600, 0, 0, 0, 0, 23600, 0, 'WR', NULL, '2018-10-04 06:09:31'),
    (83605, 2, '2003MAKI01', 'Shotaro Makisumi ()', 'Japan', 'WC2003', '333bf', 'f', '1', 39500, 0, 0, 0, 0, 39500, 0, 'AsR', NULL, '2018-10-04 06:09:31'),
    (83606, 1, '2003HARD01', 'Chris Hardwick', 'USA', 'WC2003', '333oh', 'f', '2', 4498, 6045, 0, 0, 0, 4498, 0, 'WR', NULL, '2018-10-04 06:09:31'),
    (83607, 2, '2003ATKI01', 'Michael Atkinson', 'USA', 'WC2003', '333oh', 'f', '2', 5404, 8052, 0, 0, 0, 5404, 0, NULL, NULL, '2018-10-04 06:09:31'),
    (83608, 3, '2003TREG02', 'Grant Tregay', 'USA', 'WC2003', '333oh', 'f', '2', 9699, 6205, 0, 0, 0, 6205, 0, NULL, NULL, '2018-10-04 06:09:31'),
    (83609, 4, '2003WESL01', 'David Wesley', 'Sweden', 'WC2003', '333oh', 'f', '2', 13144, 7067, 0, 0, 0, 7067, 0, 'ER', NULL, '2018-10-04 06:09:31'),
    (83610, 5, '1982PETR01', 'Lars Petrus', 'Sweden', 'WC2003', '333oh', 'f', '2', 8353, 7453, 0, 0, 0, 7453, 0, NULL, NULL, '2018-10-04 06:09:31'),
    (83611, 6, '2003ALLE02', 'Joe Allen', 'USA', 'WC2003', '333oh', 'f', '2', 7458, 16769, 0, 0, 0, 7458, 0, NULL, NULL, '2018-10-04 06:09:31'),
    (83612, 7, '2003ALLE01', 'David Allen', 'USA', 'WC2003', '333oh', 'f', '2', 7904, -1, 0, 0, 0, 7904, 0, NULL, NULL, '2018-10-04 06:09:31'),
    (83613, 8, '2003LITT01', 'Heath Litton', 'USA', 'WC2003', '333oh', 'f', '2', 12124, 8019, 0, 0, 0, 8019, 0, NULL, NULL, '2018-10-04 06:09:31'),
    (83614, 9, '2003MORG01', 'Brent Morgan', 'USA', 'WC2003', '333oh', 'f', '2', 11659, 8135, 0, 0, 0, 8135, 0, NULL, NULL, '2018-10-04 06:09:31'),
    (83615, 10, '2003BABC01', 'Peter Babcock', 'USA', 'WC2003', '333oh', 'f', '2', 14777, 9288, 0, 0, 0, 9288, 0, NULL, NULL, '2018-10-04 06:09:31'),
    (83616, 11, '2003BRAN01', 'Kenneth Brandon', 'USA', 'WC2003', '333oh', 'f', '2', 12345, 13389, 0, 0, 0, 12345, 0, NULL, NULL, '2018-10-04 06:09:31'),
    (83617, 12, '2003BLON01', 'Michiel van der Blonk', 'Netherlands', 'WC2003', '333oh', 'f', '2', 19215, 12623, 0, 0, 0, 12623, 0, 'NR', NULL, '2018-10-04 06:09:31'),
    (83618, 1, '2003AKIM01', 'Masayuki Akimoto ()', 'Japan', 'WC2003', '444', 'f', 'm', 10340, 8706, 10049, 0, 0, 8706, 9698, NULL, NULL, '2018-10-04 06:09:31'),
    (83619, 2, '2003WESL01', 'David Wesley', 'Sweden', 'WC2003', '444', 'f', 'm', 11747, 9246, 10772, 0, 0, 9246, 10588, NULL, NULL, '2018-10-04 06:09:31'),
    (83620, 3, '2003BRUC01', 'Ron van Bruchem', 'Netherlands', 'WC2003', '444', 'f', 'm', 10295, 12083, 12948, 0, 0, 10295, 11775, NULL, NULL, '2018-10-04 06:09:31'),
    (83625, 5, '2003TREG02', 'Grant Tregay', 'USA', 'WC2003', '444', '1', 'm', 11992, 14488, 11715, 0, 0, 11715, 12732, NULL, NULL, '2018-10-04 06:09:31'),
    (83626, 6, '2003MAKI01', 'Shotaro Makisumi ()', 'Japan', 'WC2003', '444', '1', 'm', 15799, 16000, 11053, 0, 0, 11053, 14284, NULL, NULL, '2018-10-04 06:09:31'),
    (83628, 8, '2003RUET01', 'Jake Rueth', 'USA', 'WC2003', '444', '1', 'm', 15502, 14011, 15144, 0, 0, 14011, 14886, NULL, NULL, '2018-10-04 06:09:31'),
    (83629, 9, '2003BARR01', 'David Barr', 'USA', 'WC2003', '444', '1', 'm', 13002, 16957, 16470, 0, 0, 13002, 15476, NULL, NULL, '2018-10-04 06:09:31'),
    (83630, 10, '2003JANS01', 'Peter Jansen', 'Netherlands', 'WC2003', '444', '1', 'm', 14992, 17154, 15347, 0, 0, 14992, 15831, NULL, NULL, '2018-10-04 06:09:31'),
    (83631, 11, '2003MITT01', 'Jim Mittan', 'USA', 'WC2003', '444', '1', 'm', 23757, 12092, 13585, 0, 0, 12092, 16478, NULL, NULL, '2018-10-04 06:09:31'),
    (83632, 12, '2003MORR01', 'Frank Morris', 'USA', 'WC2003', '444', '1', 'm', 15065, 18441, 16586, 0, 0, 15065, 16697, NULL, NULL, '2018-10-04 06:09:31'),
    (83634, 14, '2003BRAN01', 'Kenneth Brandon', 'USA', 'WC2003', '444', '1', 'm', 16141, 15269, 22385, 0, 0, 15269, 17932, NULL, NULL, '2018-10-04 06:09:31'),
    (83635, 15, '2003DENN01', 'Ton Dennenbroek', 'Netherlands', 'WC2003', '444', '1', 'm', 20289, 19430, 14147, 0, 0, 14147, 17955, NULL, NULL, '2018-10-04 06:09:31'),
    (83636, 16, '2003GOET01', 'Jeff Goetz', 'USA', 'WC2003', '444', '1', 'm', 15684, 25882, 15719, 0, 0, 15684, 19095, NULL, NULL, '2018-10-04 06:09:31'),
    (83637, 17, '2003BUTL01', 'Rob Butler', 'USA', 'WC2003', '444', '1', 'm', 22202, 19725, 20939, 0, 0, 19725, 20955, NULL, NULL, '2018-10-04 06:09:31'),
    (83638, 18, '2003BABC01', 'Peter Babcock', 'USA', 'WC2003', '444', '1', 'm', 20926, 23675, 19263, 0, 0, 19263, 21288, NULL, NULL, '2018-10-04 06:09:31'),
    (83640, 20, '2003SAUE01', 'Keith Sauer', 'USA', 'WC2003', '444', '1', 'm', 26105, 27352, 20660, 0, 0, 20660, 24706, NULL, NULL, '2018-10-04 06:09:31'),
    (83641, 21, '2003TREG01', 'Betty Tregay', 'USA', 'WC2003', '444', '1', 'm', 39945, 37414, 23407, 0, 0, 23407, 33589, NULL, NULL, '2018-10-04 06:09:31'),
    (83642, 22, '2003ATTA01', 'Paul Attar', 'Canada', 'WC2003', '444', '1', 'm', 63800, -2, -2, 0, 0, 63800, -1, 'NR', NULL, '2018-10-04 06:09:31'),
    (83643, 1, '2003VOMB01', 'Dror Vomberg', 'Israel', 'WC2003', '444bf', 'f', '1', 135500, 0, 0, 0, 0, 135500, 0, 'WR', NULL, '2018-10-04 06:09:31'),
    (83645, 2, '2003WESL01', 'David Wesley', 'Sweden', 'WC2003', '555', 'f', 'm', 18769, 18156, 15962, 0, 0, 15962, 17629, NULL, NULL, '2018-10-04 06:09:31'),
    (83646, 3, '2003TREG02', 'Grant Tregay', 'USA', 'WC2003', '555', 'f', 'm', 23513, 22022, 21052, 0, 0, 21052, 22196, NULL, NULL, '2018-10-04 06:09:31'),
    (83651, 5, '2003BARR01', 'David Barr', 'USA', 'WC2003', '555', '1', 'm', 26291, 26137, 26841, 0, 0, 26137, 26423, NULL, NULL, '2018-10-04 06:09:31'),
    (83652, 6, '2003GOET01', 'Jeff Goetz', 'USA', 'WC2003', '555', '1', 'm', 29955, 23843, 26467, 0, 0, 23843, 26755, NULL, NULL, '2018-10-04 06:09:31'),
    (83653, 7, '2003RUET01', 'Jake Rueth', 'USA', 'WC2003', '555', '1', 'm', 33225, 29384, 28535, 0, 0, 28535, 30381, NULL, NULL, '2018-10-04 06:09:31'),
    (83656, 10, '2003SWAR01', 'Dave Swart', 'Canada', 'WC2003', '555', '1', 'm', 32376, 39492, 32300, 0, 0, 32300, 34723, NULL, NULL, '2018-10-04 06:09:31'),
    (83657, 11, '2003BUTL01', 'Rob Butler', 'USA', 'WC2003', '555', '1', 'm', 32696, 33445, 39184, 0, 0, 32696, 35108, NULL, NULL, '2018-10-04 06:09:31'),
    (83658, 12, '2003KONI01', 'Katsuyuki Konishi ()', 'Japan', 'WC2003', '555', '1', 'm', 38231, 39052, 30977, 0, 0, 30977, 36087, NULL, NULL, '2018-10-04 06:09:31'),
    (83659, 13, '2003BRAN01', 'Kenneth Brandon', 'USA', 'WC2003', '555', '1', 'm', 46531, 35026, 32559, 0, 0, 32559, 38039, NULL, NULL, '2018-10-04 06:09:31'),
    (83660, 14, '2003MAKI01', 'Shotaro Makisumi ()', 'Japan', 'WC2003', '555', '1', 'm', 39441, 41903, 39541, 0, 0, 39441, 40295, NULL, NULL, '2018-10-04 06:09:31'),
    (83661, 15, '2003TREG01', 'Betty Tregay', 'USA', 'WC2003', '555', '1', 'm', 43130, 71300, 54346, 0, 0, 43130, 56259, NULL, NULL, '2018-10-04 06:09:31'),
    (83662, 1, '2003SCHE01', 'Jaap Scherphuis', 'Netherlands', 'WC2003', 'clock', 'f', '1', 3897, 0, 0, 0, 0, 3897, 0, 'WR', NULL, '2018-10-04 06:09:31'),
    (83663, 2, '2003LEEJ01', 'Jasmine Lee', 'Australia', 'WC2003', 'clock', 'f', '1', 4200, 0, 0, 0, 0, 4200, 0, 'OcR', NULL, '2018-10-04 06:09:31'),
    (83664, 3, '2003VAND01', 'Lars Vandenbergh', 'Belgium', 'WC2003', 'clock', 'f', '1', 4552, 0, 0, 0, 0, 4552, 0, 'NR', NULL, '2018-10-04 06:09:31'),
    (83665, 4, '2003POWE01', 'Michael Powers', 'USA', 'WC2003', 'clock', 'f', '1', 5420, 0, 0, 0, 0, 5420, 0, 'NAR', NULL, '2018-10-04 06:09:31'),
    (83666, 5, '2003BRUC01', 'Ron van Bruchem', 'Netherlands', 'WC2003', 'clock', 'f', '1', 9374, 0, 0, 0, 0, 9374, 0, NULL, NULL, '2018-10-04 06:09:31'),
    (83667, 6, '2003GOET01', 'Jeff Goetz', 'USA', 'WC2003', 'clock', 'f', '1', 12106, 0, 0, 0, 0, 12106, 0, NULL, NULL, '2018-10-04 06:09:31'),
    (83668, 1, '2003SCHE01', 'Jaap Scherphuis', 'Netherlands', 'WC2003', 'magic', 'f', '3', 534, 319, 306, 0, 0, 306, 0, 'WR', NULL, '2018-10-04 06:09:31'),
    (83669, 2, '2003RUET01', 'Jake Rueth', 'USA', 'WC2003', 'magic', 'f', '3', 327, 471, 430, 0, 0, 327, 0, 'NAR', NULL, '2018-10-04 06:09:31'),
    (83670, 3, '2003MORR02', 'Jon Morris', 'USA', 'WC2003', 'magic', 'f', '3', 533, 453, 451, 0, 0, 451, 0, NULL, NULL, '2018-10-04 06:09:31'),
    (83671, 4, '2003HILD01', 'Jason Hildebrand', 'USA', 'WC2003', 'magic', 'f', '3', 573, 923, 518, 0, 0, 518, 0, NULL, NULL, '2018-10-04 06:09:31'),
    (83672, 5, '2003BRUC01', 'Ron van Bruchem', 'Netherlands', 'WC2003', 'magic', 'f', '3', 583, 607, 1405, 0, 0, 583, 0, NULL, NULL, '2018-10-04 06:09:31'),
    (83673, 6, '2003BLON01', 'Michiel van der Blonk', 'Netherlands', 'WC2003', 'magic', 'f', '3', 969, 785, 665, 0, 0, 665, 0, NULL, NULL, '2018-10-04 06:09:31'),
    (83674, 1, '2003SCHE01', 'Jaap Scherphuis', 'Netherlands', 'WC2003', 'mmagic', 'f', '3', 991, 1392, 822, 0, 0, 822, 0, 'WR', NULL, '2018-10-04 06:09:31'),
    (83675, 2, '2003BRAN02', 'Kevin Brandon', 'USA', 'WC2003', 'mmagic', 'f', '3', 845, 847, 862, 0, 0, 845, 0, 'NAR', NULL, '2018-10-04 06:09:31'),
    (83676, 3, '2003BRAN01', 'Kenneth Brandon', 'USA', 'WC2003', 'mmagic', 'f', '3', 1302, 1078, 934, 0, 0, 934, 0, NULL, NULL, '2018-10-04 06:09:31'),
    (83677, 4, '2003RUET01', 'Jake Rueth', 'USA', 'WC2003', 'mmagic', 'f', '3', 1672, 2121, 1085, 0, 0, 1085, 0, NULL, NULL, '2018-10-04 06:09:31'),
    (83678, 5, '2003MORR02', 'Jon Morris', 'USA', 'WC2003', 'mmagic', 'f', '3', 2297, 1109, 1193, 0, 0, 1109, 0, NULL, NULL, '2018-10-04 06:09:31'),
    (83683, 1, '2003TREG02', 'Grant Tregay', 'USA', 'WC2003', 'minx', 'f', '1', 13282, 0, 0, 0, 0, 13282, 0, 'WR', NULL, '2018-10-04 06:09:31'),
    (83684, 2, '2003PATT01', 'Richard Patterson', 'USA', 'WC2003', 'minx', 'f', '1', 25238, 0, 0, 0, 0, 25238, 0, NULL, NULL, '2018-10-04 06:09:31'),
    (83685, 3, '2003BRUC01', 'Ron van Bruchem', 'Netherlands', 'WC2003', 'minx', 'f', '1', 26656, 0, 0, 0, 0, 26656, 0, 'ER', NULL, '2018-10-04 06:09:31'),
    (83686, 4, '2003RUET01', 'Jake Rueth', 'USA', 'WC2003', 'minx', 'f', '1', 28274, 0, 0, 0, 0, 28274, 0, NULL, NULL, '2018-10-04 06:09:31'),
    (83687, 5, '2003TREG01', 'Betty Tregay', 'USA', 'WC2003', 'minx', 'f', '1', 31264, 0, 0, 0, 0, 31264, 0, NULL, NULL, '2018-10-04 06:09:31'),
    (83688, 1, '2003BELL01', 'Andy Bellenir', 'USA', 'WC2003', 'pyram', 'f', '1', 1409, 0, 0, 0, 0, 1409, 0, 'WR', NULL, '2018-10-04 06:09:31'),
    (83689, 2, '2003RUET01', 'Jake Rueth', 'USA', 'WC2003', 'pyram', 'f', '1', 1985, 0, 0, 0, 0, 1985, 0, NULL, NULL, '2018-10-04 06:09:31'),
    (83690, 3, '2003GOET01', 'Jeff Goetz', 'USA', 'WC2003', 'pyram', 'f', '1', 2950, 0, 0, 0, 0, 2950, 0, NULL, NULL, '2018-10-04 06:09:31'),
    (83691, 4, '2003PATT01', 'Richard Patterson', 'USA', 'WC2003', 'pyram', 'f', '1', 3110, 0, 0, 0, 0, 3110, 0, NULL, NULL, '2018-10-04 06:09:31'),
    (83692, 5, '2003SCHE01', 'Jaap Scherphuis', 'Netherlands', 'WC2003', 'pyram', 'f', '1', 3120, 0, 0, 0, 0, 3120, 0, 'ER', NULL, '2018-10-04 06:09:31'),
    (83693, 6, '2003HARR01', 'Dan Harris', 'United Kingdom', 'WC2003', 'pyram', 'f', '1', 3502, 0, 0, 0, 0, 3502, 0, 'NR', NULL, '2018-10-04 06:09:31'),
    (83694, 1, '2003VAND01', 'Lars Vandenbergh', 'Belgium', 'WC2003', 'sq1', 'f', '1', 4180, 0, 0, 0, 0, 4180, 0, 'WR', NULL, '2018-10-04 06:09:31'),
    (83695, 2, '2003GOET01', 'Jeff Goetz', 'USA', 'WC2003', 'sq1', 'f', '1', 10212, 0, 0, 0, 0, 10212, 0, 'NAR', NULL, '2018-10-04 06:09:31'),
    (83696, 3, '2003BRUC01', 'Ron van Bruchem', 'Netherlands', 'WC2003', 'sq1', 'f', '1', 13428, 0, 0, 0, 0, 13428, 0, 'NR', NULL, '2018-10-04 06:09:31'),
    (83697, 4, '2003ATTA01', 'Paul Attar', 'Canada', 'WC2003', 'sq1', 'f', '1', 13940, 0, 0, 0, 0, 13940, 0, 'NR', NULL, '2018-10-04 06:09:31'),
    (90060, 1, '2003GOLJ01', 'Mirek Goljan', 'Czech Republic', 'WC2003', '333fm', 'f', '1', 29, 0, 0, 0, 0, 29, 0, 'WR', NULL, '2018-10-04 06:09:31'),
    (90061, 2, '2003BARR01', 'David Barr', 'USA', 'WC2003', '333fm', 'f', '1', 36, 0, 0, 0, 0, 36, 0, 'NAR', NULL, '2018-10-04 06:09:31'),
    (91639, 3, '2003KNIG01', 'Dan Knights', 'USA', 'WC2003', '333bf', 'f', '1', -1, 0, 0, 0, 0, -1, 0, NULL, NULL, '2018-10-04 06:09:31'),
    (432912, 1, '2003VOMB01', 'Dror Vomberg', 'Israel', 'WC2003', '555bf', 'f', '2', -1, -1, 0, 0, 0, -1, 0, NULL, NULL, '2018-10-04 06:09:31'),
    (83698, 1, '2003BRUC01', 'Ron van Bruchem', 'Netherlands', 'DutchOpen2003', '333', 'f', '2', 1865, 1877, 0, 0, 0, 1865, 0, NULL, NULL, '2018-10-04 06:09:31'),
    (83699, 2, '2003VAND01', 'Lars Vandenbergh', 'Belgium', 'DutchOpen2003', '333', 'f', '2', 1887, 2117, 0, 0, 0, 1887, 0, NULL, NULL, '2018-10-04 06:09:31'),
    (83700, 3, '2003HARR01', 'Dan Harris', 'United Kingdom', 'DutchOpen2003', '333', 'f', '2', 2086, 2546, 0, 0, 0, 2086, 0, 'NR', NULL, '2018-10-04 06:09:31'),
    (83701, 5, '2003DENN01', 'Ton Dennenbroek', 'Netherlands', 'DutchOpen2003', '333', 'f', '2', 3434, 3575, 0, 0, 0, 3434, 0, NULL, NULL, '2018-10-04 06:09:31'),
    (83702, 6, '2003HELT01', 'Koen Heltzel', 'Netherlands', 'DutchOpen2003', '333', 'f', '2', 3669, 3960, 0, 0, 0, 3669, 0, NULL, NULL, '2018-10-04 06:09:31'),
    (83703, 4, '2003JANS01', 'Peter Jansen', 'Netherlands', 'DutchOpen2003', '333', 'f', '2', 3326, 5153, 0, 0, 0, 3326, 0, NULL, NULL, '2018-10-04 06:09:31'),
    (83704, 7, '2003POCH01', 'Stefan Pochmann', 'Germany', 'DutchOpen2003', '333', 'f', '2', 5026, 5246, 0, 0, 0, 5026, 0, NULL, NULL, '2018-10-04 06:09:31');
